ack_id,run_id,project_id,cycle_no,phase_name,section,agent_id,ack_status,understood_goal,known_dependencies,risk_note,created_at
ack-b745c41bad96,f5499af24248,newsloop-cutover-0822,1,material.collect,体育娱乐,xhs,ready,收集本板块候选素材池,"[""collect materials"", ""source filtering"", ""attach image candidates""]","",2026-04-07 19:56:53.99516+00
ack-4922b3ff3a0d,f5499af24248,newsloop-cutover-0822,1,material.collect,政治经济,33,ready,收集本板块候选素材池,"[""collect materials"", ""source filtering"", ""attach image candidates""]","",2026-04-07 19:56:54.049671+00
ack-93120ec1269f,f5499af24248,newsloop-cutover-0822,1,material.collect,其他,xhs,ready,收集本板块候选素材池,"[""collect materials"", ""source filtering"", ""attach image candidates""]","",2026-04-07 19:56:54.224864+00
ack-4f38a9526045,f5499af24248,newsloop-cutover-0822,1,material.collect,科技,33,ready,收集本板块候选素材池,"[""collect materials"", ""source filtering"", ""attach image candidates""]","",2026-04-07 19:56:54.281179+00
ack-43e5b3f3868a,f5499af24248,newsloop-cutover-0822,1,material.review,政治经济,tester,ready,审核候选素材是否可进入编辑阶段,"[""approve"", ""reject"", ""request rework""]","",2026-04-07 19:57:02.05583+00
ack-1d02eb5244ea,f5499af24248,newsloop-cutover-0822,1,material.review,科技,tester,ready,审核候选素材是否可进入编辑阶段,"[""approve"", ""reject"", ""request rework""]","",2026-04-07 19:57:08.599745+00
ack-7d53d1929dc7,f5499af24248,newsloop-cutover-0822,1,material.review,体育娱乐,tester,ready,审核候选素材是否可进入编辑阶段,"[""approve"", ""reject"", ""request rework""]","",2026-04-07 19:57:17.152633+00
ack-7994c1f14152,f5499af24248,newsloop-cutover-0822,1,material.review,其他,tester,ready,审核候选素材是否可进入编辑阶段,"[""approve"", ""reject"", ""request rework""]","",2026-04-07 19:57:23.66264+00
ack-cd65490cdd10,f5499af24248,newsloop-cutover-0822,1,draft.compose,全局,editor,ready,把已通过素材整合成初稿,"[""integrate approved materials"", ""decide hierarchy"", ""write draft""]","",2026-04-07 19:57:28.406464+00
ack-581eb89761df,f5499af24248,newsloop-cutover-0822,1,draft.proofread,全局,tester,ready,校对 draft 正确性，不做产品体验评价,"[""raise issues"", ""recheck fixes"", ""block publish when blockers remain""]","",2026-04-07 19:57:30.211743+00
ack-6c7db0224aea,f5499af24248,newsloop-cutover-0822,1,draft.revise,全局,editor,ready,根据 proofread issue 修订 draft,"[""apply patches"", ""rewrite draft slices"", ""preserve structure""]","",2026-04-07 19:57:32.90953+00
ack-3e7c5ccee4f9,f5499af24248,newsloop-cutover-0822,1,draft.recheck,全局,tester,ready,对修订稿逐项复查上一轮 proofread issue 是否真正解决,"[""close issue"", ""reopen issue"", ""keep blocker open""]","",2026-04-07 19:59:36.118974+00
ack-6ee7308f300c,f5499af24248,newsloop-cutover-0822,1,report.publish,全局,editor,ready,在 manager gate 放行后交付最终成品,"[""handoff final artifact"", ""persist final files""]","",2026-04-07 19:59:40.519847+00
ack-e23a73fcceaa,f5499af24248,newsloop-cutover-0822,1,product.test,全局,tester,ready,从统一读者/产品体验视角评价最终成品,"[""evaluate product usability"", ""identify reader pain points""]","",2026-04-07 19:59:44.529845+00
ack-2dd0eb87c1f0,f5499af24248,newsloop-cutover-0822,1,product.benchmark,全局,tester,ready,对标相近外部产品,"[""search"", ""compare"", ""extract practical takeaways""]","",2026-04-07 20:01:33.923208+00
ack-22d7ecbd3cf4,f5499af24248,newsloop-cutover-0822,1,product.cross_cycle_compare,全局,tester,ready,对比本轮与上一轮成品及复盘结论,"[""compare cycles"", ""identify improvements/regressions"", ""check unimplemented suggestions""]","",2026-04-07 20:01:37.569528+00
ack-5abae9b44952,f5499af24248,newsloop-cutover-0822,1,retrospective.discussion,全局,tester,ready,围绕一个具体问题讨论到分歧、原因、责任和下一步明确,"[""critique"", ""debate"", ""propose"", ""defend"", ""moderate""]","",2026-04-07 20:01:43.925342+00
ack-ffe92fb3f868,f5499af24248,newsloop-cutover-0822,1,retrospective.discussion,全局,editor,ready,围绕一个具体问题讨论到分歧、原因、责任和下一步明确,"[""critique"", ""debate"", ""propose"", ""defend"", ""moderate""]","",2026-04-07 20:01:44.097614+00
ack-876778fb32b0,f5499af24248,newsloop-cutover-0822,1,retrospective.discussion,全局,tester,ready,围绕一个具体问题讨论到分歧、原因、责任和下一步明确,"[""critique"", ""debate"", ""propose"", ""defend"", ""moderate""]","",2026-04-07 20:01:48.29431+00
ack-e14ce07234fd,f5499af24248,newsloop-cutover-0822,1,retrospective.discussion,全局,editor,ready,围绕一个具体问题讨论到分歧、原因、责任和下一步明确,"[""critique"", ""debate"", ""propose"", ""defend"", ""moderate""]","",2026-04-07 20:01:48.503349+00
ack-719ea232de00,3532ccc60622,newsloop-cutover-0822,2,material.collect,政治经济,33,ready,收集本板块候选素材池,"[""collect materials"", ""source filtering"", ""attach image candidates""]","",2026-04-07 20:03:50.243579+00
ack-581b7f3815fd,3532ccc60622,newsloop-cutover-0822,2,material.collect,科技,33,ready,收集本板块候选素材池,"[""collect materials"", ""source filtering"", ""attach image candidates""]","",2026-04-07 20:03:50.475295+00
ack-ec4073f8d681,3532ccc60622,newsloop-cutover-0822,2,material.collect,体育娱乐,xhs,ready,收集本板块候选素材池,"[""collect materials"", ""source filtering"", ""attach image candidates""]","",2026-04-07 20:03:50.562413+00
ack-8d5987eac2d4,3532ccc60622,newsloop-cutover-0822,2,material.collect,其他,xhs,ready,收集本板块候选素材池,"[""collect materials"", ""source filtering"", ""attach image candidates""]","",2026-04-07 20:03:50.794629+00
ack-517ab4a0d425,3532ccc60622,newsloop-cutover-0822,2,material.review,政治经济,tester,ready,审核候选素材是否可进入编辑阶段,"[""approve"", ""reject"", ""request rework""]","",2026-04-07 20:04:01.988493+00
ack-aabbe45f491c,3532ccc60622,newsloop-cutover-0822,2,material.review,科技,tester,ready,审核候选素材是否可进入编辑阶段,"[""approve"", ""reject"", ""request rework""]","",2026-04-07 20:04:08.63585+00
ack-d76c128a89e5,3532ccc60622,newsloop-cutover-0822,2,material.review,体育娱乐,tester,ready,审核候选素材是否可进入编辑阶段,"[""approve"", ""reject"", ""request rework""]","",2026-04-07 20:04:25.242304+00
ack-8927a6b70d65,3532ccc60622,newsloop-cutover-0822,2,material.review,其他,tester,ready,审核候选素材是否可进入编辑阶段,"[""approve"", ""reject"", ""request rework""]","",2026-04-07 20:04:27.733647+00
ack-3aa616169cd2,3532ccc60622,newsloop-cutover-0822,2,draft.compose,全局,editor,ready,把已通过素材整合成初稿,"[""integrate approved materials"", ""decide hierarchy"", ""write draft""]","",2026-04-07 20:04:32.538059+00
ack-38448c400ef5,3532ccc60622,newsloop-cutover-0822,2,draft.proofread,全局,tester,ready,校对 draft 正确性，不做产品体验评价,"[""raise issues"", ""recheck fixes"", ""block publish when blockers remain""]","",2026-04-07 20:04:34.210687+00
ack-0206bd6fd153,3532ccc60622,newsloop-cutover-0822,2,report.publish,全局,editor,ready,在 manager gate 放行后交付最终成品,"[""handoff final artifact"", ""persist final files""]","",2026-04-07 20:04:39.134697+00
ack-d5c6c9a3e613,3532ccc60622,newsloop-cutover-0822,2,product.test,全局,tester,ready,从统一读者/产品体验视角评价最终成品,"[""evaluate product usability"", ""identify reader pain points""]","",2026-04-07 20:04:42.628757+00
ack-5395ab4f7b68,3532ccc60622,newsloop-cutover-0822,2,product.benchmark,全局,tester,ready,对标相近外部产品,"[""search"", ""compare"", ""extract practical takeaways""]","",2026-04-07 20:06:38.13749+00
ack-e5ccdff4cd62,3532ccc60622,newsloop-cutover-0822,2,product.cross_cycle_compare,全局,tester,ready,对比本轮与上一轮成品及复盘结论,"[""compare cycles"", ""identify improvements/regressions"", ""check unimplemented suggestions""]","",2026-04-07 20:06:41.342174+00
ack-7b56c40dd0a4,3532ccc60622,newsloop-cutover-0822,2,retrospective.discussion,全局,tester,ready,围绕一个具体问题讨论到分歧、原因、责任和下一步明确,"[""critique"", ""debate"", ""propose"", ""defend"", ""moderate""]","",2026-04-07 20:06:49.731984+00
ack-8163f952f41d,3532ccc60622,newsloop-cutover-0822,2,retrospective.discussion,全局,editor,ready,围绕一个具体问题讨论到分歧、原因、责任和下一步明确,"[""critique"", ""debate"", ""propose"", ""defend"", ""moderate""]","",2026-04-07 20:06:50.869361+00
ack-8c478809c6ee,3532ccc60622,newsloop-cutover-0822,2,retrospective.discussion,全局,tester,ready,围绕一个具体问题讨论到分歧、原因、责任和下一步明确,"[""critique"", ""debate"", ""propose"", ""defend"", ""moderate""]","",2026-04-07 20:06:54.12088+00
ack-381e1a50a9aa,8f5beadb4a73,newsloop-cutover-redo-0822a,1,material.collect,体育娱乐,xhs,ready,收集本板块候选素材池,"[""collect materials"", ""source filtering"", ""attach image candidates""]","",2026-04-07 20:13:24.878428+00
ack-997e4aadd6b7,8f5beadb4a73,newsloop-cutover-redo-0822a,1,material.collect,其他,xhs,ready,收集本板块候选素材池,"[""collect materials"", ""source filtering"", ""attach image candidates""]","",2026-04-07 20:13:25.106368+00
ack-788d68b4834d,8f5beadb4a73,newsloop-cutover-redo-0822a,1,material.collect,政治经济,33,ready,收集本板块候选素材池,"[""collect materials"", ""source filtering"", ""attach image candidates""]","",2026-04-07 20:13:25.213971+00
ack-e6947d710228,8f5beadb4a73,newsloop-cutover-redo-0822a,1,material.collect,科技,33,ready,收集本板块候选素材池,"[""collect materials"", ""source filtering"", ""attach image candidates""]","",2026-04-07 20:13:25.443409+00
ack-a819bdbc1606,8f5beadb4a73,newsloop-cutover-redo-0822a,1,material.review,政治经济,tester,ready,审核候选素材是否可进入编辑阶段,"[""approve"", ""reject"", ""request rework""]","",2026-04-07 20:13:38.442294+00
ack-4fe8981304f4,8f5beadb4a73,newsloop-cutover-redo-0822a,1,material.review,科技,tester,ready,审核候选素材是否可进入编辑阶段,"[""approve"", ""reject"", ""request rework""]","",2026-04-07 20:13:47.060158+00
ack-2ea28c1542a0,8f5beadb4a73,newsloop-cutover-redo-0822a,1,material.collect,科技,33,ready,收集本板块候选素材池,"[""collect materials"", ""source filtering"", ""attach image candidates""]","",2026-04-07 20:13:53.320463+00
ack-f8b9ed7e61d4,8f5beadb4a73,newsloop-cutover-redo-0822a,1,material.review,体育娱乐,tester,ready,审核候选素材是否可进入编辑阶段,"[""approve"", ""reject"", ""request rework""]","",2026-04-07 20:13:57.596729+00
ack-7b1b33c96d26,8f5beadb4a73,newsloop-cutover-redo-0822a,1,material.review,其他,tester,ready,审核候选素材是否可进入编辑阶段,"[""approve"", ""reject"", ""request rework""]","",2026-04-07 20:14:00.096103+00
ack-2820aeb1a893,8f5beadb4a73,newsloop-cutover-redo-0822a,1,material.review,科技,tester,ready,审核候选素材是否可进入编辑阶段,"[""approve"", ""reject"", ""request rework""]","",2026-04-07 20:14:02.589849+00
ack-7f1cdd291beb,8f5beadb4a73,newsloop-cutover-redo-0822a,1,draft.compose,全局,editor,ready,把已通过素材整合成初稿,"[""integrate approved materials"", ""decide hierarchy"", ""write draft""]","",2026-04-07 20:14:07.633296+00
ack-f18e2da72638,8f5beadb4a73,newsloop-cutover-redo-0822a,1,draft.proofread,全局,tester,ready,校对 draft 正确性，不做产品体验评价,"[""raise issues"", ""recheck fixes"", ""block publish when blockers remain""]","",2026-04-07 20:14:11.105933+00
ack-bf427d76c0a9,8f5beadb4a73,newsloop-cutover-redo-0822a,1,draft.revise,全局,editor,ready,根据 proofread issue 修订 draft,"[""apply patches"", ""rewrite draft slices"", ""preserve structure""]","",2026-04-07 20:14:12.198149+00
