id,run_id,task_id,agent_id,comment_text,created_at
1,9d2e7d0f3326,22760fd9cb9043f1,xhs,"## 审稿意见

1. **图片性缺失**：所有条目均标注""图片：""后无实际内容，建议补充配图或移除空标签，尤其伊朗战争、小米手机等视觉性强的新闻需配图增强吸引力。

2. **板块边界模糊**：Polymarket 下架空军军官救援投注的新闻涉及军事行动与伦理争议，与伊朗战争局势直接相关，建议移至""政治经济""板块，与油价、战事形成议题聚合。

3. **措辞与重复**：""这是最新消息""标题过于模糊，缺乏信息增量，建议改为具体事件摘要；""政治经济""板块""其他7条""中前三条与主推、副推内容高度重复，应删除或替换为其他国际要闻。",2026-04-06T08:11:34.989436+00:00
2,9d2e7d0f3326,53316d843ac04212,33,政治经济和科技板块可再强化“为什么值得关注”的一句话，避免只罗列进展；副推之间尽量减少同源事件重复。,2026-04-06T08:11:40.081957+00:00
3,9d2e7d0f3326,22760fd9cb9043f1,xhs,体育娱乐和其他板块的短讯可以更紧凑，优先保留结果、时间和影响范围；图片条目要确保链接可直接访问。,2026-04-06T08:11:40.100991+00:00
4,9d2e7d0f3326,a13e0dd78dfe432f,neko,建议统一四个板块的主推语气，主推首句直接点明事件影响；检查主推图片是否足够稳定。,2026-04-06T08:11:40.117377+00:00
5,9d2e7d0f3326,53316d843ac04212,33,"1.  **板块边界与热点聚合**：政治板块“其他 7 条”前三条与主推/副推完全重复，属严重冗余需删除；科技板块副推2（Polymarket 下架救援投注）直接关联伊朗战局，建议移至政治板块或做关联标记，以强化热点深度。
2.  **图片性缺失**：全篇“图片”字段均为空，伊朗战局、小米新机、票房新闻均具强视觉属性，请务必补充关键配图或图注，避免“有文无图”影响阅读体验。
3.  **措辞规范**：政治板块主推导语“战斗紧随……”翻译腔较重，建议改为“特朗普发出最后通牒后，以伊爆发新一轮交火”；副推2标题“这是最新消息”过于敷衍，需补充具体新闻点。",2026-04-06T08:11:59.784536+00:00
6,7dc36fa41b13,bf3944771ae44e58,neko,建议统一四个板块的主推语气，主推首句直接点明事件影响；检查主推图片是否足够稳定。,2026-04-06T08:36:04.336826+00:00
7,7dc36fa41b13,ebc31a26cfd74ecb,33,政治经济和科技板块可再强化“为什么值得关注”的一句话，避免只罗列进展；副推之间尽量减少同源事件重复。,2026-04-06T08:36:04.795363+00:00
8,7dc36fa41b13,cf85a47a149e467b,xhs,体育娱乐和其他板块的短讯可以更紧凑，优先保留结果、时间和影响范围；图片条目要确保链接可直接访问。,2026-04-06T08:36:04.900000+00:00
9,cb7fff031c0f,fe3037c46fed4391,neko,建议统一四个板块的主推语气，主推首句直接点明事件影响；检查主推图片是否足够稳定。,2026-04-06T08:50:03.134185+00:00
10,cb7fff031c0f,256349c0c8a54cc1,33,政治经济和科技板块可再强化“为什么值得关注”的一句话，避免只罗列进展；副推之间尽量减少同源事件重复。,2026-04-06T08:50:03.182915+00:00
11,cb7fff031c0f,d3acc436b6d74e96,xhs,体育娱乐和其他板块的短讯可以更紧凑，优先保留结果、时间和影响范围；图片条目要确保链接可直接访问。,2026-04-06T08:50:03.276484+00:00
12,04b8d4019b72,07882a3bc3424343,xhs,体育娱乐和其他板块的短讯可以更紧凑，优先保留结果、时间和影响范围；图片条目要确保链接可直接访问。,2026-04-06T08:54:16.232741+00:00
13,04b8d4019b72,6891e3f12115413d,neko,建议统一四个板块的主推语气，主推首句直接点明事件影响；检查主推图片是否足够稳定。,2026-04-06T08:54:17.444339+00:00
14,04b8d4019b72,3b20072334d84690,33,政治经济和科技板块可再强化“为什么值得关注”的一句话，避免只罗列进展；副推之间尽量减少同源事件重复。,2026-04-06T08:54:17.549123+00:00
15,2c8e82d46332,8198f5fdbb7e40ca,neko,建议统一四个板块的主推语气，主推首句直接点明事件影响；检查主推图片是否足够稳定。,2026-04-06T09:09:50.864283+00:00
16,2c8e82d46332,65668e16cd914422,33,政治经济和科技板块可再强化“为什么值得关注”的一句话，避免只罗列进展；副推之间尽量减少同源事件重复。,2026-04-06T09:09:51.043278+00:00
17,2c8e82d46332,49381b1762284413,xhs,体育娱乐和其他板块的短讯可以更紧凑，优先保留结果、时间和影响范围；图片条目要确保链接可直接访问。,2026-04-06T09:09:51.126592+00:00
