task_id,run_id,parent_task_id,agent_id,agent_role,section,phase,retry_count,status,payload,result,error_message,created_at,started_at,finished_at
ae6f8a769db14836,9d2e7d0f3326,,33,collector,政治经济,material.collect,0,completed,"{""target_count"": 12}","{""status"": ""collected"", ""source_count"": 16}",,2026-04-06T07:58:12.916763+00:00,2026-04-06T07:58:13.204739+00:00,2026-04-06T07:58:16.588504+00:00
c27a46e2a5a44441,9d2e7d0f3326,ae6f8a769db14836,33,collector,政治经济,material.submit,0,completed,{},"{""status"": ""submitted"", ""source_count"": 16}",,2026-04-06T07:58:12.928493+00:00,2026-04-06T07:58:16.597055+00:00,2026-04-06T07:58:16.613616+00:00
c4f20b584e6e415f,9d2e7d0f3326,,33,collector,科技,material.collect,0,completed,"{""target_count"": 12}","{""status"": ""collected"", ""source_count"": 14}",,2026-04-06T07:58:12.943374+00:00,2026-04-06T07:58:16.622660+00:00,2026-04-06T07:58:19.263638+00:00
d8e05b154a364149,9d2e7d0f3326,c4f20b584e6e415f,33,collector,科技,material.submit,0,completed,{},"{""status"": ""submitted"", ""source_count"": 14}",,2026-04-06T07:58:12.955950+00:00,2026-04-06T07:58:19.272524+00:00,2026-04-06T07:58:19.293047+00:00
0d31dac20b5f4b5f,9d2e7d0f3326,,xhs,collector,体育娱乐,material.collect,0,completed,"{""target_count"": 12}","{""status"": ""collected"", ""source_count"": 16}",,2026-04-06T07:58:12.971080+00:00,2026-04-06T07:58:13.187984+00:00,2026-04-06T07:58:15.721540+00:00
031a1ac4d93f43de,9d2e7d0f3326,0d31dac20b5f4b5f,xhs,collector,体育娱乐,material.submit,0,completed,{},"{""status"": ""submitted"", ""source_count"": 16}",,2026-04-06T07:58:12.983189+00:00,2026-04-06T07:58:15.730216+00:00,2026-04-06T07:58:15.751265+00:00
0f85b63862cc4ad7,9d2e7d0f3326,,xhs,collector,其他,material.collect,0,completed,"{""target_count"": 12}","{""status"": ""collected"", ""source_count"": 6}",,2026-04-06T07:58:12.996590+00:00,2026-04-06T07:58:15.760691+00:00,2026-04-06T07:58:16.667692+00:00
8164e5ca52494484,9d2e7d0f3326,0f85b63862cc4ad7,xhs,collector,其他,material.submit,0,completed,{},"{""status"": ""submitted"", ""source_count"": 6}",,2026-04-06T07:58:13.006021+00:00,2026-04-06T07:58:16.676133+00:00,2026-04-06T07:58:16.692861+00:00
0d0741bd21f74c85,9d2e7d0f3326,ae6f8a769db14836,neko,manager,政治经济,material.review,0,completed,{},"{""forced"": true, ""reason"": ""测试覆盖：受控触发一次打回重做，请补充更强热点和更稳定图片来源。"", ""status"": ""rejected"", ""approved"": false, ""selected_material_ids"": [17, 18, 19, 20, 21, 22, 23, 24, 25, 26]}",,2026-04-06T07:58:17.497734+00:00,2026-04-06T07:58:19.174173+00:00,2026-04-06T07:58:19.223373+00:00
ab4dcb935dc44baa,9d2e7d0f3326,0d31dac20b5f4b5f,neko,manager,体育娱乐,material.review,0,completed,{},"{""forced"": false, ""reason"": ""审核通过。"", ""status"": ""approved"", ""approved"": true, ""selected_material_ids"": [1, 2, 3, 4, 5, 6, 7, 8, 9, 10]}",,2026-04-06T07:58:17.539370+00:00,2026-04-06T07:58:19.232620+00:00,2026-04-06T07:58:19.272010+00:00
6b8b4074d14347d2,9d2e7d0f3326,0f85b63862cc4ad7,neko,manager,其他,material.review,0,completed,{},"{""forced"": false, ""reason"": ""素材不足：候选 6 条，带图 4 条，未满足至少 10 条且至少 3 条带图。"", ""status"": ""rejected"", ""approved"": false, ""selected_material_ids"": [33, 34, 35, 36, 37, 38]}",,2026-04-06T07:58:17.572473+00:00,2026-04-06T07:58:19.281519+00:00,2026-04-06T07:58:19.319660+00:00
0328fb0222714d48,9d2e7d0f3326,c4f20b584e6e415f,neko,manager,科技,material.review,0,completed,{},"{""forced"": false, ""reason"": ""审核通过。"", ""status"": ""approved"", ""approved"": true, ""selected_material_ids"": [39, 40, 41, 42, 43, 44, 45, 46, 47, 48]}",,2026-04-06T07:58:20.732403+00:00,2026-04-06T07:58:21.337281+00:00,2026-04-06T07:58:21.373474+00:00
3818e023650642e3,9d2e7d0f3326,,33,collector,政治经济,material.collect,1,completed,"{""target_count"": 12, ""rework_reason"": ""测试覆盖：受控触发一次打回重做，请补充更强热点和更稳定图片来源。""}","{""status"": ""collected"", ""source_count"": 16}",,2026-04-06T07:58:20.810992+00:00,2026-04-06T07:58:21.311893+00:00,2026-04-06T07:58:23.987550+00:00
83cf395e9fe046ae,9d2e7d0f3326,3818e023650642e3,33,collector,政治经济,material.submit,1,completed,{},"{""status"": ""submitted"", ""source_count"": 32}",,2026-04-06T07:58:20.819177+00:00,2026-04-06T07:58:23.997659+00:00,2026-04-06T07:58:24.015260+00:00
fe3c14f54a354721,9d2e7d0f3326,,xhs,collector,其他,material.collect,1,completed,"{""target_count"": 12, ""rework_reason"": ""素材不足：候选 6 条，带图 4 条，未满足至少 10 条且至少 3 条带图。""}","{""status"": ""collected"", ""source_count"": 6}",,2026-04-06T07:58:20.873839+00:00,2026-04-06T07:58:22.726575+00:00,2026-04-06T07:58:23.454962+00:00
4a975a4bdf264f47,9d2e7d0f3326,fe3c14f54a354721,xhs,collector,其他,material.submit,1,completed,{},"{""status"": ""submitted"", ""source_count"": 12}",,2026-04-06T07:58:20.882449+00:00,2026-04-06T07:58:23.463355+00:00,2026-04-06T07:58:23.483828+00:00
b2b867a2bba04ef2,9d2e7d0f3326,fe3c14f54a354721,neko,manager,其他,material.review,1,completed,{},"{""forced"": false, ""reason"": ""审核通过。"", ""status"": ""approved"", ""approved"": true, ""selected_material_ids"": [33, 53, 34, 54, 35, 55, 36, 56, 37, 57]}",,2026-04-06T07:58:24.040979+00:00,2026-04-06T07:58:25.404051+00:00,2026-04-06T07:58:25.439017+00:00
f005f29bdac9491d,9d2e7d0f3326,,33,collector,政治经济,material.collect,2,completed,"{""target_count"": 12, ""rework_reason"": ""测试覆盖：受控触发一次打回重做，请补充更强热点和更稳定图片来源。""}","{""status"": ""collected"", ""source_count"": 16}",,2026-04-06T07:58:24.080007+00:00,2026-04-06T07:58:26.034124+00:00,2026-04-06T07:58:29.004296+00:00
6e4847bd479245c1,9d2e7d0f3326,f005f29bdac9491d,33,collector,政治经济,material.submit,2,completed,{},"{""status"": ""submitted"", ""source_count"": 48}",,2026-04-06T07:58:24.088536+00:00,2026-04-06T07:58:29.012613+00:00,2026-04-06T07:58:29.029171+00:00
50de4a09d0ab486b,9d2e7d0f3326,,xhs,collector,其他,material.collect,2,completed,"{""target_count"": 12, ""rework_reason"": ""素材不足：候选 6 条，带图 4 条，未满足至少 10 条且至少 3 条带图。""}","{""status"": ""collected"", ""source_count"": 6}",,2026-04-06T07:58:24.143653+00:00,2026-04-06T07:58:25.501312+00:00,2026-04-06T07:58:26.072576+00:00
0bed4c5d48cc4a7c,9d2e7d0f3326,50de4a09d0ab486b,xhs,collector,其他,material.submit,2,completed,{},"{""status"": ""submitted"", ""source_count"": 18}",,2026-04-06T07:58:24.151950+00:00,2026-04-06T07:58:26.080809+00:00,2026-04-06T07:58:26.098430+00:00
8ec794557a754f8e,9d2e7d0f3326,3818e023650642e3,neko,manager,政治经济,material.review,1,completed,{},"{""forced"": false, ""reason"": ""审核通过。"", ""status"": ""approved"", ""approved"": true, ""selected_material_ids"": [17, 59, 60, 18, 61, 19, 62, 20, 63, 21]}",,2026-04-06T07:58:27.254358+00:00,2026-04-06T07:58:27.459474+00:00,2026-04-06T07:58:27.498091+00:00
4d17a85bb0ed49d4,9d2e7d0f3326,50de4a09d0ab486b,neko,manager,其他,material.review,2,completed,{},"{""forced"": false, ""reason"": ""审核通过。"", ""status"": ""approved"", ""approved"": true, ""selected_material_ids"": [53, 33, 75, 54, 34, 76, 55, 35, 77, 56]}",,2026-04-06T07:58:27.317237+00:00,2026-04-06T07:58:27.507631+00:00,2026-04-06T07:58:27.543508+00:00
a41c2b953dbf4989,9d2e7d0f3326,,33,collector,政治经济,material.collect,3,completed,"{""target_count"": 12, ""rework_reason"": ""测试覆盖：受控触发一次打回重做，请补充更强热点和更稳定图片来源。""}","{""status"": ""collected"", ""source_count"": 16}",,2026-04-06T07:58:27.357041+00:00,2026-04-06T07:58:29.037577+00:00,2026-04-06T07:58:31.603991+00:00
eee697cbb12f402d,9d2e7d0f3326,a41c2b953dbf4989,33,collector,政治经济,material.submit,3,completed,{},"{""status"": ""submitted"", ""source_count"": 64}",,2026-04-06T07:58:27.365488+00:00,2026-04-06T07:58:31.614468+00:00,2026-04-06T07:58:31.632914+00:00
2a9628a5930f431b,9d2e7d0f3326,f005f29bdac9491d,neko,manager,政治经济,material.review,2,completed,{},"{""forced"": false, ""reason"": ""审核通过。"", ""status"": ""approved"", ""approved"": true, ""selected_material_ids"": [97, 17, 81, 59, 82, 98, 60, 18, 83, 19]}",,2026-04-06T07:58:30.503288+00:00,2026-04-06T07:58:31.572456+00:00,2026-04-06T07:58:31.620674+00:00
697faeafed7e4146,9d2e7d0f3326,,neko,manager,全局,draft.compose,0,failed,{},"{""status"": ""drafted"", ""draft_len"": 9331}",'title',2026-04-06T07:58:30.616481+00:00,,2026-04-06T08:13:28.913719+00:00
82be6799059146d7,9d2e7d0f3326,a41c2b953dbf4989,neko,manager,政治经济,material.review,3,completed,{},"{""forced"": false, ""reason"": ""审核通过。"", ""status"": ""approved"", ""approved"": true, ""selected_material_ids"": [97, 17, 81, 59, 82, 98, 60, 18, 83, 19]}",,2026-04-06T07:58:33.704703+00:00,2026-04-06T07:58:58.943243+00:00,2026-04-06T07:58:58.997539+00:00
0b6034e805cc4285,9d2e7d0f3326,,neko,manager,全局,discussion.start,0,completed,"{""discussion_seconds"": 45}","{""status"": ""started"", ""discussion_seconds"": 45}",,2026-04-06T08:11:14.583991+00:00,,2026-04-06T08:11:40.073512+00:00
53316d843ac04212,9d2e7d0f3326,,33,collector,全局,discussion.comment,0,completed,{},"{""status"": ""commented"", ""comment_text"": ""1.  **板块边界与热点聚合**：政治板块“其他 7 条”前三条与主推/副推完全重复，属严重冗余需删除；科技板块副推2（Polymarket 下架救援投注）直接关联伊朗战局，建议移至政治板块或做关联标记，以强化热点深度。\n2.  **图片性缺失**：全篇“图片”字段均为空，伊朗战局、小米新机、票房新闻均具强视觉属性，请务必补充关键配图或图注，避免“有文无图”影响阅读体验。\n3.  **措辞规范**：政治板块主推导语“战斗紧随……”翻译腔较重，建议改为“特朗普发出最后通牒后，以伊爆发新一轮交火”；副推2标题“这是最新消息”过于敷衍，需补充具体新闻点。""}",,2026-04-06T08:11:14.593864+00:00,2026-04-06T08:11:16.014435+00:00,2026-04-06T08:11:59.798949+00:00
22760fd9cb9043f1,9d2e7d0f3326,,xhs,collector,全局,discussion.comment,0,completed,{},"{""status"": ""commented"", ""comment_text"": ""体育娱乐和其他板块的短讯可以更紧凑，优先保留结果、时间和影响范围；图片条目要确保链接可直接访问。""}",,2026-04-06T08:11:14.602615+00:00,2026-04-06T08:11:16.014434+00:00,2026-04-06T08:11:40.109260+00:00
a13e0dd78dfe432f,9d2e7d0f3326,,neko,manager,全局,discussion.comment,0,completed,{},"{""status"": ""commented"", ""comment_text"": ""建议统一四个板块的主推语气，主推首句直接点明事件影响；检查主推图片是否足够稳定。""}",,2026-04-06T08:11:14.612732+00:00,,2026-04-06T08:11:40.125599+00:00
2d96c490a2ac4e99,9d2e7d0f3326,,neko,manager,全局,discussion.summarize,0,completed,{},"{""status"": ""summarized"", ""revision_plan"": ""- xhs: ## 审稿意见\n\n1. **图片性缺失**：所有条目均标注\""图片：\""后无实际内容，建议补充配图或移除空标签，尤其伊朗战争、小米手机等视觉性强的新闻需配图增强吸引力。\n\n2. **板块边界模糊**：Polymarket 下架空军军官救援投注的新闻涉及军事行动与伦理争议，与伊朗战争局势直接相关，建议移至\""政治经济\""板块，与油价、战事形成议题聚合。\n\n3. **措辞与重复**：\""这是最新消息\""标题过于模糊，缺乏信息增量，建议改为具体事件摘要；\""政治经济\""板块\""其他7条\""中前三条与主推、副推内容高度重复，应删除或替换为其他国际要闻。\n- 33: 政治经济和科技板块可再强化“为什么值得关注”的一句话，避免只罗列进展；副推之间尽量减少同源事件重复。\n- xhs: 体育娱乐和其他板块的短讯可以更紧凑，优先保留结果、时间和影响范围；图片条目要确保链接可直接访问。\n- neko: 建议统一四个板块的主推语气，主推首句直接点明事件影响；检查主推图片是否足够稳定。""}",,2026-04-06T08:11:40.133928+00:00,,2026-04-06T08:11:40.162014+00:00
23f5bc0cba5144e4,9d2e7d0f3326,,neko,manager,全局,draft.revise,0,completed,{},"{""status"": ""revised""}",,2026-04-06T08:11:40.169758+00:00,,2026-04-06T08:11:40.177481+00:00
9326b3623a9c4215,9d2e7d0f3326,,neko,manager,全局,report.publish,0,completed,{},"{""status"": ""published"", ""json_path"": ""/opt/newsflow-mvp/output/9d2e7d0f3326/final_report.json"", ""markdown_path"": ""/opt/newsflow-mvp/output/9d2e7d0f3326/final_report.md""}",,2026-04-06T08:11:40.185540+00:00,,2026-04-06T08:11:40.218670+00:00
0b44f703bccb4c34,7dc36fa41b13,,33,collector,政治经济,material.collect,0,completed,"{""target_count"": 12, ""trace_context"": {""traceparent"": ""00-48e90a4b9806ed7e9e73e528f35b4994-9eb8a101f3cd4beb-01""}}","{""status"": ""collected"", ""source_count"": 16}",,2026-04-06T08:35:23.659423+00:00,2026-04-06T08:35:24.953874+00:00,2026-04-06T08:35:31.740781+00:00
394f486e3709431b,7dc36fa41b13,0b44f703bccb4c34,33,collector,政治经济,material.submit,0,completed,"{""trace_context"": {""traceparent"": ""00-48e90a4b9806ed7e9e73e528f35b4994-a4d3cfb605edf4f0-01""}}","{""status"": ""submitted"", ""source_count"": 16}",,2026-04-06T08:35:23.670638+00:00,2026-04-06T08:35:31.749765+00:00,2026-04-06T08:35:31.767432+00:00
e6c479b7b3b94ad5,7dc36fa41b13,,33,collector,科技,material.collect,0,completed,"{""target_count"": 12, ""trace_context"": {""traceparent"": ""00-48e90a4b9806ed7e9e73e528f35b4994-517cc171058a7156-01""}}","{""status"": ""collected"", ""source_count"": 14}",,2026-04-06T08:35:23.680863+00:00,2026-04-06T08:35:31.776105+00:00,2026-04-06T08:35:34.621167+00:00
b386f7083739430a,7dc36fa41b13,e6c479b7b3b94ad5,33,collector,科技,material.submit,0,completed,"{""trace_context"": {""traceparent"": ""00-48e90a4b9806ed7e9e73e528f35b4994-77423ffdaa2641d7-01""}}","{""status"": ""submitted"", ""source_count"": 14}",,2026-04-06T08:35:23.690198+00:00,2026-04-06T08:35:34.629881+00:00,2026-04-06T08:35:34.647651+00:00
14d9203608d74b6e,7dc36fa41b13,,xhs,collector,体育娱乐,material.collect,0,completed,"{""target_count"": 12, ""trace_context"": {""traceparent"": ""00-48e90a4b9806ed7e9e73e528f35b4994-ee18fdc092cad10d-01""}}","{""status"": ""collected"", ""source_count"": 16}",,2026-04-06T08:35:23.700130+00:00,2026-04-06T08:35:24.978277+00:00,2026-04-06T08:35:28.206544+00:00
0258273d9fb545ef,7dc36fa41b13,14d9203608d74b6e,xhs,collector,体育娱乐,material.submit,0,completed,"{""trace_context"": {""traceparent"": ""00-48e90a4b9806ed7e9e73e528f35b4994-4d930036e334b40b-01""}}","{""status"": ""submitted"", ""source_count"": 16}",,2026-04-06T08:35:23.709204+00:00,2026-04-06T08:35:28.215256+00:00,2026-04-06T08:35:28.232826+00:00
95ee015e154d4e75,7dc36fa41b13,,xhs,collector,其他,material.collect,0,completed,"{""target_count"": 12, ""trace_context"": {""traceparent"": ""00-48e90a4b9806ed7e9e73e528f35b4994-a9404f08e807e4d6-01""}}","{""status"": ""collected"", ""source_count"": 6}",,2026-04-06T08:35:23.718492+00:00,2026-04-06T08:35:28.241103+00:00,2026-04-06T08:35:30.410073+00:00
8227abc8c7db4b3c,7dc36fa41b13,95ee015e154d4e75,xhs,collector,其他,material.submit,0,completed,"{""trace_context"": {""traceparent"": ""00-48e90a4b9806ed7e9e73e528f35b4994-8db4849f3ffcf0a1-01""}}","{""status"": ""submitted"", ""source_count"": 6}",,2026-04-06T08:35:23.728926+00:00,2026-04-06T08:35:30.418320+00:00,2026-04-06T08:35:30.436276+00:00
19f540cf469c4af7,7dc36fa41b13,14d9203608d74b6e,neko,manager,体育娱乐,material.review,0,completed,"{""trace_context"": {""traceparent"": ""00-48e90a4b9806ed7e9e73e528f35b4994-4e044e8d341fbaf5-01""}}","{""forced"": true, ""reason"": ""测试覆盖：受控触发一次打回重做，请补充更强热点和更稳定图片来源。"", ""status"": ""rejected"", ""approved"": false, ""selected_material_ids"": [113, 114, 115, 116, 117, 118, 119, 120, 121, 122]}",,2026-04-06T08:35:30.596312+00:00,2026-04-06T08:35:30.967417+00:00,2026-04-06T08:35:31.015871+00:00
290a2b595d0a4f09,7dc36fa41b13,95ee015e154d4e75,neko,manager,其他,material.review,0,completed,"{""trace_context"": {""traceparent"": ""00-48e90a4b9806ed7e9e73e528f35b4994-3b027c033fd0d53f-01""}}","{""forced"": false, ""reason"": ""素材不足：候选 6 条，带图 4 条，未满足至少 10 条且至少 3 条带图。"", ""status"": ""rejected"", ""approved"": false, ""selected_material_ids"": [129, 130, 131, 132, 133, 134]}",,2026-04-06T08:35:30.637966+00:00,2026-04-06T08:35:31.024607+00:00,2026-04-06T08:35:31.058611+00:00
291d7d3b02d84583,7dc36fa41b13,0b44f703bccb4c34,neko,manager,政治经济,material.review,0,completed,"{""trace_context"": {""traceparent"": ""00-48e90a4b9806ed7e9e73e528f35b4994-8ba88ab3edd228cd-01""}}","{""forced"": false, ""reason"": ""审核通过。"", ""status"": ""approved"", ""approved"": true, ""selected_material_ids"": [135, 136, 137, 138, 139, 140, 141, 142, 143, 144]}",,2026-04-06T08:35:33.821110+00:00,2026-04-06T08:35:35.089214+00:00,2026-04-06T08:35:35.128371+00:00
1e965f57bc764808,7dc36fa41b13,,xhs,collector,体育娱乐,material.collect,1,completed,"{""target_count"": 12, ""rework_reason"": ""测试覆盖：受控触发一次打回重做，请补充更强热点和更稳定图片来源。"", ""trace_context"": {""traceparent"": ""00-48e90a4b9806ed7e9e73e528f35b4994-c36e1005997fca1c-01""}}","{""status"": ""collected"", ""source_count"": 16}",,2026-04-06T08:35:33.923674+00:00,2026-04-06T08:35:34.463165+00:00,2026-04-06T08:35:37.084088+00:00
69edb3d6a4f64547,7dc36fa41b13,1e965f57bc764808,xhs,collector,体育娱乐,material.submit,1,completed,"{""trace_context"": {""traceparent"": ""00-48e90a4b9806ed7e9e73e528f35b4994-b02f9f4dbd3d9762-01""}}","{""status"": ""submitted"", ""source_count"": 32}",,2026-04-06T08:35:33.933451+00:00,2026-04-06T08:35:37.092719+00:00,2026-04-06T08:35:37.111515+00:00
9eabc4dadeda46a9,7dc36fa41b13,,xhs,collector,其他,material.collect,1,completed,"{""target_count"": 12, ""rework_reason"": ""素材不足：候选 6 条，带图 4 条，未满足至少 10 条且至少 3 条带图。"", ""trace_context"": {""traceparent"": ""00-48e90a4b9806ed7e9e73e528f35b4994-36cca7f217127608-01""}}","{""status"": ""collected"", ""source_count"": 6}",,2026-04-06T08:35:33.977687+00:00,2026-04-06T08:35:37.120805+00:00,2026-04-06T08:35:38.743657+00:00
408cc7cac8a24416,7dc36fa41b13,9eabc4dadeda46a9,xhs,collector,其他,material.submit,1,completed,"{""trace_context"": {""traceparent"": ""00-48e90a4b9806ed7e9e73e528f35b4994-65cf6c75ed891a8f-01""}}","{""status"": ""submitted"", ""source_count"": 12}",,2026-04-06T08:35:33.987032+00:00,2026-04-06T08:35:38.752023+00:00,2026-04-06T08:35:38.768828+00:00
28683431a9474e62,7dc36fa41b13,e6c479b7b3b94ad5,neko,manager,科技,material.review,0,completed,"{""trace_context"": {""traceparent"": ""00-48e90a4b9806ed7e9e73e528f35b4994-a614fdf0403505c4-01""}}","{""forced"": false, ""reason"": ""审核通过。"", ""status"": ""approved"", ""approved"": true, ""selected_material_ids"": [151, 152, 153, 154, 155, 156, 157, 158, 159, 160]}",,2026-04-06T08:35:37.152256+00:00,2026-04-06T08:35:39.158297+00:00,2026-04-06T08:35:39.194833+00:00
62b0465249bc421b,7dc36fa41b13,1e965f57bc764808,neko,manager,体育娱乐,material.review,1,completed,"{""trace_context"": {""traceparent"": ""00-48e90a4b9806ed7e9e73e528f35b4994-48268fee1858df14-01""}}","{""forced"": false, ""reason"": ""审核通过。"", ""status"": ""approved"", ""approved"": true, ""selected_material_ids"": [165, 113, 166, 114, 115, 167, 168, 116, 117, 169]}",,2026-04-06T08:35:37.197459+00:00,2026-04-06T08:35:39.203873+00:00,2026-04-06T08:35:39.240055+00:00
d23946e6f2d6486f,7dc36fa41b13,9eabc4dadeda46a9,neko,manager,其他,material.review,1,completed,"{""trace_context"": {""traceparent"": ""00-48e90a4b9806ed7e9e73e528f35b4994-5c4d590ccd6156bb-01""}}","{""forced"": false, ""reason"": ""审核通过。"", ""status"": ""approved"", ""approved"": true, ""selected_material_ids"": [129, 181, 130, 182, 131, 183, 132, 184, 133, 185]}",,2026-04-06T08:35:40.454525+00:00,2026-04-06T08:35:41.257995+00:00,2026-04-06T08:35:41.296108+00:00
f3ac507d2b1a42e6,7dc36fa41b13,,neko,manager,全局,draft.compose,0,completed,"{""trace_context"": {""traceparent"": ""00-48e90a4b9806ed7e9e73e528f35b4994-919f0506fb940f34-01""}}","{""status"": ""drafted"", ""draft_len"": 11714}",,2026-04-06T08:35:43.763093+00:00,2026-04-06T08:35:45.325787+00:00,2026-04-06T08:36:02.293036+00:00
27a92d67d0d44f50,7dc36fa41b13,,neko,manager,全局,discussion.start,0,completed,"{""trace_context"": {""traceparent"": ""00-48e90a4b9806ed7e9e73e528f35b4994-f8da953aca6ce211-01""}, ""discussion_seconds"": 45}","{""status"": ""started"", ""discussion_seconds"": 45}",,2026-04-06T08:36:02.994518+00:00,2026-04-06T08:36:04.310260+00:00,2026-04-06T08:36:04.319292+00:00
ebc31a26cfd74ecb,7dc36fa41b13,,33,collector,全局,discussion.comment,0,completed,"{""trace_context"": {""traceparent"": ""00-48e90a4b9806ed7e9e73e528f35b4994-2d4585adbf5b0c1b-01""}}","{""status"": ""commented"", ""comment_text"": ""政治经济和科技板块可再强化“为什么值得关注”的一句话，避免只罗列进展；副推之间尽量减少同源事件重复。""}",,2026-04-06T08:36:03.004883+00:00,2026-04-06T08:36:04.786463+00:00,2026-04-06T08:36:04.803845+00:00
cf85a47a149e467b,7dc36fa41b13,,xhs,collector,全局,discussion.comment,0,completed,"{""trace_context"": {""traceparent"": ""00-48e90a4b9806ed7e9e73e528f35b4994-5475e3caa6883d7e-01""}}","{""status"": ""commented"", ""comment_text"": ""体育娱乐和其他板块的短讯可以更紧凑，优先保留结果、时间和影响范围；图片条目要确保链接可直接访问。""}",,2026-04-06T08:36:03.014251+00:00,2026-04-06T08:36:04.890715+00:00,2026-04-06T08:36:04.908968+00:00
bf3944771ae44e58,7dc36fa41b13,,neko,manager,全局,discussion.comment,0,completed,"{""trace_context"": {""traceparent"": ""00-48e90a4b9806ed7e9e73e528f35b4994-9265543f938ca707-01""}}","{""status"": ""commented"", ""comment_text"": ""建议统一四个板块的主推语气，主推首句直接点明事件影响；检查主推图片是否足够稳定。""}",,2026-04-06T08:36:03.023259+00:00,2026-04-06T08:36:04.327546+00:00,2026-04-06T08:36:04.345540+00:00
a1138da3fd2d465f,7dc36fa41b13,,neko,manager,全局,discussion.summarize,0,completed,"{""trace_context"": {""traceparent"": ""00-48e90a4b9806ed7e9e73e528f35b4994-b0c439d9fa3e286a-01""}}","{""status"": ""summarized"", ""revision_plan"": ""- neko: 建议统一四个板块的主推语气，主推首句直接点明事件影响；检查主推图片是否足够稳定。\n- 33: 政治经济和科技板块可再强化“为什么值得关注”的一句话，避免只罗列进展；副推之间尽量减少同源事件重复。\n- xhs: 体育娱乐和其他板块的短讯可以更紧凑，优先保留结果、时间和影响范围；图片条目要确保链接可直接访问。""}",,2026-04-06T08:36:51.338590+00:00,2026-04-06T08:36:52.569590+00:00,2026-04-06T08:36:52.595634+00:00
c7cbf96cab87448c,7dc36fa41b13,,neko,manager,全局,draft.revise,0,completed,"{""trace_context"": {""traceparent"": ""00-48e90a4b9806ed7e9e73e528f35b4994-0d08ff5a550faac5-01""}}","{""status"": ""revised""}",,2026-04-06T08:36:54.583861+00:00,2026-04-06T08:36:54.612676+00:00,2026-04-06T08:36:54.622425+00:00
0ab2ca669ec54327,7dc36fa41b13,,neko,manager,全局,report.publish,0,completed,"{""trace_context"": {""traceparent"": ""00-48e90a4b9806ed7e9e73e528f35b4994-e316c4e2e4bf1aaa-01""}}","{""status"": ""published"", ""json_path"": ""/opt/newsflow-mvp/output/7dc36fa41b13/final_report.json"", ""markdown_path"": ""/opt/newsflow-mvp/output/7dc36fa41b13/final_report.md""}",,2026-04-06T08:36:54.592991+00:00,2026-04-06T08:36:54.631389+00:00,2026-04-06T08:36:54.668646+00:00
4d353ecb890f4138,cb7fff031c0f,,33,collector,政治经济,material.collect,0,completed,"{""target_count"": 12, ""trace_context"": {""traceparent"": ""00-6f746a04b427ee61c1c6329e2d45056c-06e4f4813d3184ef-01""}}","{""status"": ""collected"", ""source_count"": 16}",,2026-04-06T08:49:25.920793+00:00,2026-04-06T08:49:26.367259+00:00,2026-04-06T08:49:34.042481+00:00
ae8fccffe9be44f9,cb7fff031c0f,4d353ecb890f4138,33,collector,政治经济,material.submit,0,completed,"{""trace_context"": {""traceparent"": ""00-6f746a04b427ee61c1c6329e2d45056c-f4f7df717f48e02e-01""}}","{""status"": ""submitted"", ""source_count"": 16}",,2026-04-06T08:49:25.934210+00:00,2026-04-06T08:49:34.054678+00:00,2026-04-06T08:49:34.073246+00:00
3e79e6d439b54e36,cb7fff031c0f,,33,collector,科技,material.collect,0,completed,"{""target_count"": 12, ""trace_context"": {""traceparent"": ""00-6f746a04b427ee61c1c6329e2d45056c-766c9c9c4ac3ee78-01""}}","{""status"": ""collected"", ""source_count"": 14}",,2026-04-06T08:49:25.944688+00:00,2026-04-06T08:49:34.082162+00:00,2026-04-06T08:49:37.004981+00:00
8d38d1c415ec4365,cb7fff031c0f,3e79e6d439b54e36,33,collector,科技,material.submit,0,completed,"{""trace_context"": {""traceparent"": ""00-6f746a04b427ee61c1c6329e2d45056c-10d1bfdd18d65aac-01""}}","{""status"": ""submitted"", ""source_count"": 14}",,2026-04-06T08:49:25.955344+00:00,2026-04-06T08:49:37.014033+00:00,2026-04-06T08:49:37.032350+00:00
6ce5965054474142,cb7fff031c0f,,xhs,collector,体育娱乐,material.collect,0,completed,"{""target_count"": 12, ""trace_context"": {""traceparent"": ""00-6f746a04b427ee61c1c6329e2d45056c-cf7d53a79b2a33be-01""}}","{""status"": ""collected"", ""source_count"": 16}",,2026-04-06T08:49:25.964447+00:00,2026-04-06T08:49:26.475892+00:00,2026-04-06T08:49:29.807736+00:00
9290e174e6674af6,cb7fff031c0f,6ce5965054474142,xhs,collector,体育娱乐,material.submit,0,completed,"{""trace_context"": {""traceparent"": ""00-6f746a04b427ee61c1c6329e2d45056c-f91d87584febbc19-01""}}","{""status"": ""submitted"", ""source_count"": 16}",,2026-04-06T08:49:25.974003+00:00,2026-04-06T08:49:29.816867+00:00,2026-04-06T08:49:29.836133+00:00
d09159526631404b,cb7fff031c0f,,xhs,collector,其他,material.collect,0,completed,"{""target_count"": 12, ""trace_context"": {""traceparent"": ""00-6f746a04b427ee61c1c6329e2d45056c-73357944d116a81c-01""}}","{""status"": ""collected"", ""source_count"": 6}",,2026-04-06T08:49:25.983616+00:00,2026-04-06T08:49:29.844543+00:00,2026-04-06T08:49:31.675831+00:00
89255ed805864d66,cb7fff031c0f,d09159526631404b,xhs,collector,其他,material.submit,0,completed,"{""trace_context"": {""traceparent"": ""00-6f746a04b427ee61c1c6329e2d45056c-1770fc0e45741a17-01""}}","{""status"": ""submitted"", ""source_count"": 6}",,2026-04-06T08:49:25.992651+00:00,2026-04-06T08:49:31.684513+00:00,2026-04-06T08:49:31.701900+00:00
bfa39b6f861e40d8,cb7fff031c0f,6ce5965054474142,neko,manager,体育娱乐,material.review,0,completed,"{""trace_context"": {""traceparent"": ""00-6f746a04b427ee61c1c6329e2d45056c-722e3b8a2b2e6020-01""}}","{""forced"": true, ""reason"": ""测试覆盖：受控触发一次打回重做，请补充更强热点和更稳定图片来源。"", ""status"": ""rejected"", ""approved"": false, ""selected_material_ids"": [187, 188, 189, 190, 191, 192, 193, 194, 195, 196]}",,2026-04-06T08:49:30.040845+00:00,2026-04-06T08:49:30.046634+00:00,2026-04-06T08:49:30.111655+00:00
ad3f560a5e8f4f70,cb7fff031c0f,d09159526631404b,neko,manager,其他,material.review,0,completed,"{""trace_context"": {""traceparent"": ""00-6f746a04b427ee61c1c6329e2d45056c-5e98645db0d09705-01""}}","{""forced"": false, ""reason"": ""素材不足：候选 6 条，带图 4 条，未满足至少 10 条且至少 3 条带图。"", ""status"": ""rejected"", ""approved"": false, ""selected_material_ids"": [203, 204, 205, 206, 207, 208]}",,2026-04-06T08:49:33.287847+00:00,2026-04-06T08:49:34.145353+00:00,2026-04-06T08:49:34.192747+00:00
e90e002a932b4fa8,cb7fff031c0f,,xhs,collector,体育娱乐,material.collect,1,completed,"{""target_count"": 12, ""rework_reason"": ""测试覆盖：受控触发一次打回重做，请补充更强热点和更稳定图片来源。"", ""trace_context"": {""traceparent"": ""00-6f746a04b427ee61c1c6329e2d45056c-3ce3634d1601c692-01""}}","{""status"": ""collected"", ""source_count"": 16}",,2026-04-06T08:49:33.347546+00:00,2026-04-06T08:49:33.718871+00:00,2026-04-06T08:49:36.397489+00:00
9193e13d8c9b4307,cb7fff031c0f,e90e002a932b4fa8,xhs,collector,体育娱乐,material.submit,1,completed,"{""trace_context"": {""traceparent"": ""00-6f746a04b427ee61c1c6329e2d45056c-fd9b788384d51372-01""}}","{""status"": ""submitted"", ""source_count"": 32}",,2026-04-06T08:49:33.356371+00:00,2026-04-06T08:49:36.406319+00:00,2026-04-06T08:49:36.424095+00:00
4d355cbb658c4e2d,cb7fff031c0f,4d353ecb890f4138,neko,manager,政治经济,material.review,0,completed,"{""trace_context"": {""traceparent"": ""00-6f746a04b427ee61c1c6329e2d45056c-29196e61667cc968-01""}}","{""forced"": false, ""reason"": ""审核通过。"", ""status"": ""approved"", ""approved"": true, ""selected_material_ids"": [209, 210, 211, 212, 213, 214, 215, 216, 217, 218]}",,2026-04-06T08:49:36.508244+00:00,2026-04-06T08:49:38.227779+00:00,2026-04-06T08:49:38.264099+00:00
5efd2c78e0bc4af7,cb7fff031c0f,e90e002a932b4fa8,neko,manager,体育娱乐,material.review,1,completed,"{""trace_context"": {""traceparent"": ""00-6f746a04b427ee61c1c6329e2d45056c-4bb1083da59ff9b5-01""}}","{""forced"": false, ""reason"": ""审核通过。"", ""status"": ""approved"", ""approved"": true, ""selected_material_ids"": [187, 225, 188, 226, 189, 227, 190, 228, 229, 191]}",,2026-04-06T08:49:36.562420+00:00,2026-04-06T08:49:38.273679+00:00,2026-04-06T08:49:38.310950+00:00
8f5fbaf6f0c54592,cb7fff031c0f,,xhs,collector,其他,material.collect,1,completed,"{""target_count"": 12, ""rework_reason"": ""素材不足：候选 6 条，带图 4 条，未满足至少 10 条且至少 3 条带图。"", ""trace_context"": {""traceparent"": ""00-6f746a04b427ee61c1c6329e2d45056c-21c103994d6e4017-01""}}","{""status"": ""collected"", ""source_count"": 6}",,2026-04-06T08:49:36.663019+00:00,2026-04-06T08:49:38.441678+00:00,2026-04-06T08:49:39.113531+00:00
eacc9f6265c04f4c,cb7fff031c0f,8f5fbaf6f0c54592,xhs,collector,其他,material.submit,1,completed,"{""trace_context"": {""traceparent"": ""00-6f746a04b427ee61c1c6329e2d45056c-cd91b46bda23bf74-01""}}","{""status"": ""submitted"", ""source_count"": 12}",,2026-04-06T08:49:36.672656+00:00,2026-04-06T08:49:39.122278+00:00,2026-04-06T08:49:39.139197+00:00
952212e6d91b41e6,cb7fff031c0f,3e79e6d439b54e36,neko,manager,科技,material.review,0,completed,"{""trace_context"": {""traceparent"": ""00-6f746a04b427ee61c1c6329e2d45056c-69a2ef0bffc92759-01""}}","{""forced"": false, ""reason"": ""审核通过。"", ""status"": ""approved"", ""approved"": true, ""selected_material_ids"": [241, 242, 243, 244, 245, 246, 247, 248, 249, 250]}",,2026-04-06T08:49:39.846200+00:00,2026-04-06T08:49:40.328624+00:00,2026-04-06T08:49:40.363377+00:00
2f70a00afba44cc0,cb7fff031c0f,8f5fbaf6f0c54592,neko,manager,其他,material.review,1,completed,"{""trace_context"": {""traceparent"": ""00-6f746a04b427ee61c1c6329e2d45056c-62d722a5ea647c65-01""}}","{""forced"": false, ""reason"": ""审核通过。"", ""status"": ""approved"", ""approved"": true, ""selected_material_ids"": [203, 255, 204, 256, 205, 257, 206, 258, 207, 259]}",,2026-04-06T08:49:39.904249+00:00,2026-04-06T08:49:40.371853+00:00,2026-04-06T08:49:40.410476+00:00
6800596d4e334da3,cb7fff031c0f,,neko,manager,全局,draft.compose,0,completed,"{""trace_context"": {""traceparent"": ""00-6f746a04b427ee61c1c6329e2d45056c-4778245cd709e90d-01""}}","{""status"": ""drafted"", ""draft_len"": 11714}",,2026-04-06T08:49:43.224735+00:00,2026-04-06T08:49:44.436966+00:00,2026-04-06T08:50:01.086083+00:00
2dc3bb56395a4246,cb7fff031c0f,,neko,manager,全局,discussion.start,0,completed,"{""trace_context"": {""traceparent"": ""00-6f746a04b427ee61c1c6329e2d45056c-45dfd8480e35608c-01""}, ""discussion_seconds"": 45}","{""status"": ""started"", ""discussion_seconds"": 45}",,2026-04-06T08:50:02.648201+00:00,2026-04-06T08:50:03.105199+00:00,2026-04-06T08:50:03.115143+00:00
256349c0c8a54cc1,cb7fff031c0f,,33,collector,全局,discussion.comment,0,completed,"{""trace_context"": {""traceparent"": ""00-6f746a04b427ee61c1c6329e2d45056c-c47169153be51372-01""}}","{""status"": ""commented"", ""comment_text"": ""政治经济和科技板块可再强化“为什么值得关注”的一句话，避免只罗列进展；副推之间尽量减少同源事件重复。""}",,2026-04-06T08:50:02.658527+00:00,2026-04-06T08:50:03.172700+00:00,2026-04-06T08:50:03.194723+00:00
d3acc436b6d74e96,cb7fff031c0f,,xhs,collector,全局,discussion.comment,0,completed,"{""trace_context"": {""traceparent"": ""00-6f746a04b427ee61c1c6329e2d45056c-dd45af5a4c65c131-01""}}","{""status"": ""commented"", ""comment_text"": ""体育娱乐和其他板块的短讯可以更紧凑，优先保留结果、时间和影响范围；图片条目要确保链接可直接访问。""}",,2026-04-06T08:50:02.668544+00:00,2026-04-06T08:50:03.263999+00:00,2026-04-06T08:50:03.287742+00:00
fe3037c46fed4391,cb7fff031c0f,,neko,manager,全局,discussion.comment,0,completed,"{""trace_context"": {""traceparent"": ""00-6f746a04b427ee61c1c6329e2d45056c-55eb77e1787acafd-01""}}","{""status"": ""commented"", ""comment_text"": ""建议统一四个板块的主推语气，主推首句直接点明事件影响；检查主推图片是否足够稳定。""}",,2026-04-06T08:50:02.677976+00:00,2026-04-06T08:50:03.124240+00:00,2026-04-06T08:50:03.142996+00:00
c3f85aebecf6478a,cb7fff031c0f,,neko,manager,全局,discussion.summarize,0,completed,"{""trace_context"": {""traceparent"": ""00-6f746a04b427ee61c1c6329e2d45056c-41b07a2c1d7bdf4b-01""}}","{""status"": ""summarized"", ""revision_plan"": ""- neko: 建议统一四个板块的主推语气，主推首句直接点明事件影响；检查主推图片是否足够稳定。\n- 33: 政治经济和科技板块可再强化“为什么值得关注”的一句话，避免只罗列进展；副推之间尽量减少同源事件重复。\n- xhs: 体育娱乐和其他板块的短讯可以更紧凑，优先保留结果、时间和影响范围；图片条目要确保链接可直接访问。""}",,2026-04-06T08:50:50.949314+00:00,2026-04-06T08:50:51.364605+00:00,2026-04-06T08:50:51.396158+00:00
4f9632af621c4883,cb7fff031c0f,,neko,manager,全局,draft.revise,0,completed,"{""trace_context"": {""traceparent"": ""00-6f746a04b427ee61c1c6329e2d45056c-0092d111529d642e-01""}}","{""status"": ""revised""}",,2026-04-06T08:50:54.205373+00:00,2026-04-06T08:50:55.423153+00:00,2026-04-06T08:50:55.432520+00:00
d38862aca0044729,cb7fff031c0f,,neko,manager,全局,report.publish,0,completed,"{""trace_context"": {""traceparent"": ""00-6f746a04b427ee61c1c6329e2d45056c-b4f81ae184fb0934-01""}}","{""status"": ""published"", ""json_path"": ""/opt/newsflow-mvp/output/cb7fff031c0f/final_report.json"", ""markdown_path"": ""/opt/newsflow-mvp/output/cb7fff031c0f/final_report.md""}",,2026-04-06T08:50:54.215351+00:00,2026-04-06T08:50:55.440842+00:00,2026-04-06T08:50:55.478480+00:00
5ea36594f8b14e96,04b8d4019b72,,33,collector,政治经济,material.collect,0,completed,"{""target_count"": 12, ""trace_context"": {""traceparent"": ""00-3e807043a90d92931f723c9743338ccb-7444c9c03936e4b7-01""}}","{""status"": ""collected"", ""source_count"": 16}",,2026-04-06T08:53:37.957616+00:00,,2026-04-06T08:53:44.557106+00:00
798a7128219142e4,04b8d4019b72,5ea36594f8b14e96,33,collector,政治经济,material.submit,0,completed,"{""trace_context"": {""traceparent"": ""00-3e807043a90d92931f723c9743338ccb-c7461d9b1c47ffe1-01""}}","{""status"": ""submitted"", ""source_count"": 16}",,2026-04-06T08:53:37.967726+00:00,2026-04-06T08:53:44.566631+00:00,2026-04-06T08:53:44.583955+00:00
6757f34b36e34252,04b8d4019b72,,33,collector,科技,material.collect,0,completed,"{""target_count"": 12, ""trace_context"": {""traceparent"": ""00-3e807043a90d92931f723c9743338ccb-cdd2724be07f103a-01""}}","{""status"": ""collected"", ""source_count"": 14}",,2026-04-06T08:53:37.977392+00:00,2026-04-06T08:53:44.592443+00:00,2026-04-06T08:53:47.359804+00:00
ec7c7a0a9f16476d,04b8d4019b72,6757f34b36e34252,33,collector,科技,material.submit,0,completed,"{""trace_context"": {""traceparent"": ""00-3e807043a90d92931f723c9743338ccb-deda5857dcccd4ef-01""}}","{""status"": ""submitted"", ""source_count"": 14}",,2026-04-06T08:53:37.987419+00:00,2026-04-06T08:53:47.368588+00:00,2026-04-06T08:53:47.389079+00:00
097c332c657643cc,04b8d4019b72,,xhs,collector,体育娱乐,material.collect,0,completed,"{""target_count"": 12, ""trace_context"": {""traceparent"": ""00-3e807043a90d92931f723c9743338ccb-8df52d67eedbfb26-01""}}","{""status"": ""collected"", ""source_count"": 16}",,2026-04-06T08:53:37.996927+00:00,,2026-04-06T08:53:42.813683+00:00
f45730686d3343e2,04b8d4019b72,097c332c657643cc,xhs,collector,体育娱乐,material.submit,0,completed,"{""trace_context"": {""traceparent"": ""00-3e807043a90d92931f723c9743338ccb-620ab45cbaa50ea7-01""}}","{""status"": ""submitted"", ""source_count"": 16}",,2026-04-06T08:53:38.006886+00:00,2026-04-06T08:53:42.822432+00:00,2026-04-06T08:53:42.841066+00:00
d76c3def92d045c2,04b8d4019b72,,xhs,collector,其他,material.collect,0,completed,"{""target_count"": 12, ""trace_context"": {""traceparent"": ""00-3e807043a90d92931f723c9743338ccb-52337f1ee98a2776-01""}}","{""status"": ""collected"", ""source_count"": 6}",,2026-04-06T08:53:38.016673+00:00,2026-04-06T08:53:42.850046+00:00,2026-04-06T08:53:44.332608+00:00
19073bf38fac4f3a,04b8d4019b72,d76c3def92d045c2,xhs,collector,其他,material.submit,0,completed,"{""trace_context"": {""traceparent"": ""00-3e807043a90d92931f723c9743338ccb-c886249d9aa49c5b-01""}}","{""status"": ""submitted"", ""source_count"": 6}",,2026-04-06T08:53:38.026407+00:00,2026-04-06T08:53:44.342221+00:00,2026-04-06T08:53:44.362933+00:00
c85cc14fcf4246d2,04b8d4019b72,097c332c657643cc,neko,manager,体育娱乐,material.review,0,completed,"{""trace_context"": {""traceparent"": ""00-3e807043a90d92931f723c9743338ccb-6a3ce7f7633347f8-01""}}","{""forced"": true, ""reason"": ""测试覆盖：受控触发一次打回重做，请补充更强热点和更稳定图片来源。"", ""status"": ""rejected"", ""approved"": false, ""selected_material_ids"": [261, 262, 263, 264, 265, 266, 267, 268, 269, 270]}",,2026-04-06T08:53:43.116614+00:00,2026-04-06T08:53:43.501081+00:00,2026-04-06T08:53:43.554548+00:00
7daf0680bddd4159,04b8d4019b72,5ea36594f8b14e96,neko,manager,政治经济,material.review,0,completed,"{""trace_context"": {""traceparent"": ""00-3e807043a90d92931f723c9743338ccb-2958e5d2adbb72e7-01""}}","{""forced"": false, ""reason"": ""审核通过。"", ""status"": ""approved"", ""approved"": true, ""selected_material_ids"": [283, 284, 285, 286, 287, 288, 289, 290, 291, 292]}",,2026-04-06T08:53:46.310287+00:00,2026-04-06T08:53:47.583169+00:00,2026-04-06T08:53:47.618757+00:00
c7e0d60a76af4f04,04b8d4019b72,d76c3def92d045c2,neko,manager,其他,material.review,0,completed,"{""trace_context"": {""traceparent"": ""00-3e807043a90d92931f723c9743338ccb-447a5f7d8b8cc217-01""}}","{""forced"": false, ""reason"": ""素材不足：候选 6 条，带图 4 条，未满足至少 10 条且至少 3 条带图。"", ""status"": ""rejected"", ""approved"": false, ""selected_material_ids"": [277, 278, 279, 280, 281, 282]}",,2026-04-06T08:53:46.374754+00:00,2026-04-06T08:53:47.627297+00:00,2026-04-06T08:53:47.661716+00:00
168e765c5b0f4965,04b8d4019b72,,xhs,collector,体育娱乐,material.collect,1,completed,"{""target_count"": 12, ""rework_reason"": ""测试覆盖：受控触发一次打回重做，请补充更强热点和更稳定图片来源。"", ""trace_context"": {""traceparent"": ""00-3e807043a90d92931f723c9743338ccb-8e58176ea5f7eb9d-01""}}","{""status"": ""collected"", ""source_count"": 16}",,2026-04-06T08:53:46.432767+00:00,2026-04-06T08:53:48.392235+00:00,2026-04-06T08:53:51.016215+00:00
c579317f9f95446e,04b8d4019b72,168e765c5b0f4965,xhs,collector,体育娱乐,material.submit,1,completed,"{""trace_context"": {""traceparent"": ""00-3e807043a90d92931f723c9743338ccb-df692d68c8498555-01""}}","{""status"": ""submitted"", ""source_count"": 32}",,2026-04-06T08:53:46.441731+00:00,2026-04-06T08:53:51.030062+00:00,2026-04-06T08:53:51.057708+00:00
ea5f7740799b4db3,04b8d4019b72,6757f34b36e34252,neko,manager,科技,material.review,0,completed,"{""trace_context"": {""traceparent"": ""00-3e807043a90d92931f723c9743338ccb-daa59c1d4a589a46-01""}}","{""forced"": false, ""reason"": ""审核通过。"", ""status"": ""approved"", ""approved"": true, ""selected_material_ids"": [299, 300, 301, 302, 303, 304, 305, 306, 307, 308]}",,2026-04-06T08:53:49.619213+00:00,2026-04-06T08:53:49.688752+00:00,2026-04-06T08:53:49.749743+00:00
b22592263bfd49e7,04b8d4019b72,,xhs,collector,其他,material.collect,1,completed,"{""target_count"": 12, ""rework_reason"": ""素材不足：候选 6 条，带图 4 条，未满足至少 10 条且至少 3 条带图。"", ""trace_context"": {""traceparent"": ""00-3e807043a90d92931f723c9743338ccb-8537eda6b81de0a4-01""}}","{""status"": ""collected"", ""source_count"": 6}",,2026-04-06T08:53:49.773724+00:00,2026-04-06T08:53:51.069124+00:00,2026-04-06T08:53:52.071357+00:00
7366aeeb6d3a4992,04b8d4019b72,b22592263bfd49e7,xhs,collector,其他,material.submit,1,completed,"{""trace_context"": {""traceparent"": ""00-3e807043a90d92931f723c9743338ccb-b3cb7e185aba2da6-01""}}","{""status"": ""submitted"", ""source_count"": 12}",,2026-04-06T08:53:49.784240+00:00,2026-04-06T08:53:52.082567+00:00,2026-04-06T08:53:52.103302+00:00
2425cb7860ee42b5,04b8d4019b72,168e765c5b0f4965,neko,manager,体育娱乐,material.review,1,completed,"{""trace_context"": {""traceparent"": ""00-3e807043a90d92931f723c9743338ccb-12e26ce2fa14f1a2-01""}}","{""forced"": false, ""reason"": ""审核通过。"", ""status"": ""approved"", ""approved"": true, ""selected_material_ids"": [261, 313, 262, 314, 263, 315, 264, 316, 317, 265]}",,2026-04-06T08:53:52.973289+00:00,2026-04-06T08:53:53.803920+00:00,2026-04-06T08:53:53.839105+00:00
b118dff6c04241fc,04b8d4019b72,b22592263bfd49e7,neko,manager,其他,material.review,1,completed,"{""trace_context"": {""traceparent"": ""00-3e807043a90d92931f723c9743338ccb-46a82fa145783ba5-01""}}","{""forced"": false, ""reason"": ""审核通过。"", ""status"": ""approved"", ""approved"": true, ""selected_material_ids"": [277, 329, 278, 330, 279, 331, 280, 332, 281, 333]}",,2026-04-06T08:53:53.017071+00:00,2026-04-06T08:53:53.847983+00:00,2026-04-06T08:53:53.882363+00:00
15879c7ad57c4afd,04b8d4019b72,,neko,manager,全局,draft.compose,0,completed,"{""trace_context"": {""traceparent"": ""00-3e807043a90d92931f723c9743338ccb-5dc3732a67f0d69a-01""}}","{""status"": ""drafted"", ""draft_len"": 11714}",,2026-04-06T08:53:56.348903+00:00,2026-04-06T08:53:57.910078+00:00,2026-04-06T08:54:13.385092+00:00
cf8c8995529e40c9,04b8d4019b72,,neko,manager,全局,discussion.start,0,completed,"{""trace_context"": {""traceparent"": ""00-3e807043a90d92931f723c9743338ccb-5e9da9593274dd1d-01""}, ""discussion_seconds"": 45}","{""status"": ""started"", ""discussion_seconds"": 45}",,2026-04-06T08:54:15.633412+00:00,2026-04-06T08:54:17.412992+00:00,2026-04-06T08:54:17.424665+00:00
3b20072334d84690,04b8d4019b72,,33,collector,全局,discussion.comment,0,completed,"{""trace_context"": {""traceparent"": ""00-3e807043a90d92931f723c9743338ccb-286c48e521390771-01""}}","{""status"": ""commented"", ""comment_text"": ""政治经济和科技板块可再强化“为什么值得关注”的一句话，避免只罗列进展；副推之间尽量减少同源事件重复。""}",,2026-04-06T08:54:15.643298+00:00,2026-04-06T08:54:17.538831+00:00,2026-04-06T08:54:17.558418+00:00
07882a3bc3424343,04b8d4019b72,,xhs,collector,全局,discussion.comment,0,completed,"{""trace_context"": {""traceparent"": ""00-3e807043a90d92931f723c9743338ccb-17db6a982a6adbfe-01""}}","{""status"": ""commented"", ""comment_text"": ""体育娱乐和其他板块的短讯可以更紧凑，优先保留结果、时间和影响范围；图片条目要确保链接可直接访问。""}",,2026-04-06T08:54:15.652721+00:00,2026-04-06T08:54:16.222795+00:00,2026-04-06T08:54:16.242670+00:00
6891e3f12115413d,04b8d4019b72,,neko,manager,全局,discussion.comment,0,completed,"{""trace_context"": {""traceparent"": ""00-3e807043a90d92931f723c9743338ccb-6adaf64fc709e2a9-01""}}","{""status"": ""commented"", ""comment_text"": ""建议统一四个板块的主推语气，主推首句直接点明事件影响；检查主推图片是否足够稳定。""}",,2026-04-06T08:54:15.661996+00:00,2026-04-06T08:54:17.434262+00:00,2026-04-06T08:54:17.453631+00:00
a62681334f104d43,04b8d4019b72,,neko,manager,全局,discussion.summarize,0,completed,"{""trace_context"": {""traceparent"": ""00-3e807043a90d92931f723c9743338ccb-6876be309096a226-01""}}","{""status"": ""summarized"", ""revision_plan"": ""- xhs: 体育娱乐和其他板块的短讯可以更紧凑，优先保留结果、时间和影响范围；图片条目要确保链接可直接访问。\n- neko: 建议统一四个板块的主推语气，主推首句直接点明事件影响；检查主推图片是否足够稳定。\n- 33: 政治经济和科技板块可再强化“为什么值得关注”的一句话，避免只罗列进展；副推之间尽量减少同源事件重复。""}",,2026-04-06T08:55:03.947584+00:00,2026-04-06T08:55:05.684393+00:00,2026-04-06T08:55:05.719587+00:00
b4b661f16de04e80,04b8d4019b72,,neko,manager,全局,draft.revise,0,completed,"{""trace_context"": {""traceparent"": ""00-3e807043a90d92931f723c9743338ccb-2bd049c1f3a659e2-01""}}","{""status"": ""revised""}",,2026-04-06T08:55:07.224304+00:00,2026-04-06T08:55:07.737479+00:00,2026-04-06T08:55:07.746801+00:00
5d8a9d7253964fe0,04b8d4019b72,,neko,manager,全局,report.publish,0,completed,"{""trace_context"": {""traceparent"": ""00-3e807043a90d92931f723c9743338ccb-a93e95aeef33f39f-01""}}","{""status"": ""published"", ""json_path"": ""/opt/newsflow-mvp/output/04b8d4019b72/final_report.json"", ""markdown_path"": ""/opt/newsflow-mvp/output/04b8d4019b72/final_report.md""}",,2026-04-06T08:55:07.233203+00:00,2026-04-06T08:55:07.755537+00:00,2026-04-06T08:55:07.792646+00:00
1f42e33da2214627,2c8e82d46332,,33,collector,政治经济,material.collect,0,completed,"{""message_body"": ""请采集【政治经济】板块近24小时国际热点，提交不少于 12 条候选素材，并保留图片、来源、发布时间、原文链接。"", ""target_count"": 12, ""trace_context"": {""traceparent"": ""00-5d02c933a339cb3110a6d79faef58ad5-e0bb0f5a16e5b31e-01""}}","{""status"": ""collected"", ""message_body"": ""已完成【政治经济】板块采集，收集到 16 条候选素材。"", ""source_count"": 16}",,2026-04-06T09:09:09.780007+00:00,2026-04-06T09:09:11.562432+00:00,2026-04-06T09:09:14.796147+00:00
d7bbea087037411b,2c8e82d46332,1f42e33da2214627,33,collector,政治经济,material.submit,0,completed,"{""trace_context"": {""traceparent"": ""00-5d02c933a339cb3110a6d79faef58ad5-b7a308c7b947e3b3-01""}}","{""status"": ""submitted"", ""message_body"": ""提交【政治经济】板块候选素材，共 16 条。\n- A Hidden Russian Hand in Hungary’s Election? Actually, It’s Quite Open. | NYT > World News\n- Why Trees Are Key to Russia’s Spring Offensive in Ukraine | NYT > World News\n- Epstein in Paris: How a Sex Offender Hustled for Access to France’s Elite | NYT > World News\n- What Does an Ultra-Luxury First Class Ticket Get You? Flying in a Frictionless Bubble. | NYT > Business\n- Iran War Live Updates: Israel and Iran Trade Attacks After Trump’s New Hormuz Ultimatum | NYT > World News"", ""source_count"": 16}",,2026-04-06T09:09:09.795329+00:00,2026-04-06T09:09:14.804877+00:00,2026-04-06T09:09:14.832132+00:00
8bd47121ed1147a3,2c8e82d46332,,33,collector,科技,material.collect,0,completed,"{""message_body"": ""请采集【科技】板块近24小时国际热点，提交不少于 12 条候选素材，并保留图片、来源、发布时间、原文链接。"", ""target_count"": 12, ""trace_context"": {""traceparent"": ""00-5d02c933a339cb3110a6d79faef58ad5-262ce32b48bceaa3-01""}}","{""status"": ""collected"", ""message_body"": ""已完成【科技】板块采集，收集到 14 条候选素材。"", ""source_count"": 14}",,2026-04-06T09:09:09.810061+00:00,2026-04-06T09:09:14.843501+00:00,2026-04-06T09:09:17.448039+00:00
e6bdee86fc754b22,2c8e82d46332,8bd47121ed1147a3,33,collector,科技,material.submit,0,completed,"{""trace_context"": {""traceparent"": ""00-5d02c933a339cb3110a6d79faef58ad5-633c81f07f831468-01""}}","{""status"": ""submitted"", ""message_body"": ""提交【科技】板块候选素材，共 14 条。\n- The Xiaomi 17 Ultra has some impressive add-ons that make snapping photos really fun | TechCrunch\n- Polymarket took down wagers tied to rescue of downed Air Force officer | TechCrunch\n- Copilot is ‘for entertainment purposes only,’ according to Microsoft’s terms of use | TechCrunch\n- Los Thuthanaka’s Wak’a is a mellower follow-up to last year’s surprise Pitchfork favorite | The Verge\n- As people look for ways to make new friends, here are the apps promising to help | TechCrunch"", ""source_count"": 14}",,2026-04-06T09:09:09.820968+00:00,2026-04-06T09:09:17.457464+00:00,2026-04-06T09:09:17.484579+00:00
d38604b2058f41e3,2c8e82d46332,,xhs,collector,体育娱乐,material.collect,0,completed,"{""message_body"": ""请采集【体育娱乐】板块近24小时国际热点，提交不少于 12 条候选素材，并保留图片、来源、发布时间、原文链接。"", ""target_count"": 12, ""trace_context"": {""traceparent"": ""00-5d02c933a339cb3110a6d79faef58ad5-9b8aec60eebc9586-01""}}","{""status"": ""collected"", ""message_body"": ""已完成【体育娱乐】板块采集，收集到 16 条候选素材。"", ""source_count"": 16}",,2026-04-06T09:09:09.834854+00:00,2026-04-06T09:09:11.546157+00:00,2026-04-06T09:09:14.327178+00:00
d38ad06ed3cb4987,2c8e82d46332,d38604b2058f41e3,xhs,collector,体育娱乐,material.submit,0,completed,"{""trace_context"": {""traceparent"": ""00-5d02c933a339cb3110a6d79faef58ad5-b51d4e4862cfc1cd-01""}}","{""status"": ""submitted"", ""message_body"": ""提交【体育娱乐】板块候选素材，共 16 条。\n- Ranveer Singh’s ‘Dhurandhar: The Revenge’ Crosses $174 Million Globally, Becomes First Indian Film to Top $25 Million in North America | Variety\n- Korea Box Office: ‘Project Hail Mary’ Ascends to No. 1 Dethroning ‘The King’s Warden’ | Variety\n- China Box Office: ‘The Super Mario Galaxy Movie’ Launches to Top Spot | Variety\n- ‘Star Wars: Maul — Shadow Lord’ Is an Uneven but Promising Extension of the ‘Clone Wars’ Saga: TV Review | Variety\n- ‘Faces of Death’ Review: A ’70s-Style B-Horror Movie Taps into the Growing Appetite for Horror That’s ‘Real’ | Variety"", ""source_count"": 16}",,2026-04-06T09:09:09.844132+00:00,2026-04-06T09:09:14.336365+00:00,2026-04-06T09:09:14.366753+00:00
189003ad89db4d8a,2c8e82d46332,,xhs,collector,其他,material.collect,0,completed,"{""message_body"": ""请采集【其他】板块近24小时国际热点，提交不少于 12 条候选素材，并保留图片、来源、发布时间、原文链接。"", ""target_count"": 12, ""trace_context"": {""traceparent"": ""00-5d02c933a339cb3110a6d79faef58ad5-265d257f62280bfd-01""}}","{""status"": ""collected"", ""message_body"": ""已完成【其他】板块采集，收集到 7 条候选素材。"", ""source_count"": 7}",,2026-04-06T09:09:09.853548+00:00,2026-04-06T09:09:14.376400+00:00,2026-04-06T09:09:16.027731+00:00
233c30e17cff4735,2c8e82d46332,189003ad89db4d8a,xhs,collector,其他,material.submit,0,completed,"{""trace_context"": {""traceparent"": ""00-5d02c933a339cb3110a6d79faef58ad5-40faa1d2f065e840-01""}}","{""status"": ""submitted"", ""message_body"": ""提交【其他】板块候选素材，共 7 条。\n- NASA Families Don’t Go to the Moon, but They’re on the Mission, Too | NYT > Science\n- NASA Artemis II Astronauts Race Into Moon’s Embrace After Quiet Easter | NYT > Science\n- Artemis II Moon Flyby: Crew, Timeline and What to Know | NYT > Science\n- The 40 minutes when the Artemis crew loses contact with the Earth | BBC News\n- Artemis II astronauts have toilet trouble on their way towards the Moon | BBC News"", ""source_count"": 7}",,2026-04-06T09:09:09.862231+00:00,2026-04-06T09:09:16.037336+00:00,2026-04-06T09:09:16.067634+00:00
41dcece450184b75,2c8e82d46332,1f42e33da2214627,neko,manager,政治经济,material.review,0,completed,"{""message_body"": ""请审核【政治经济】板块候选素材，核对时效、来源可靠性、图片数量和热点性。"", ""trace_context"": {""traceparent"": ""00-5d02c933a339cb3110a6d79faef58ad5-b64efc0dd6dfae4d-01""}}","{""forced"": true, ""reason"": ""测试覆盖：受控触发一次打回重做，请补充更强热点和更稳定图片来源。"", ""status"": ""rejected"", ""approved"": false, ""selected_material_ids"": [351, 352, 353, 354, 355, 356, 357, 358, 359, 360]}",,2026-04-06T09:09:14.982866+00:00,2026-04-06T09:09:15.652448+00:00,2026-04-06T09:09:15.697643+00:00
79120aa27ea245d6,2c8e82d46332,d38604b2058f41e3,neko,manager,体育娱乐,material.review,0,completed,"{""message_body"": ""请审核【体育娱乐】板块候选素材，核对时效、来源可靠性、图片数量和热点性。"", ""trace_context"": {""traceparent"": ""00-5d02c933a339cb3110a6d79faef58ad5-d9baa9dea5f57739-01""}}","{""forced"": false, ""reason"": ""审核通过。"", ""status"": ""approved"", ""approved"": true, ""selected_material_ids"": [335, 336, 337, 338, 339, 340, 341, 342, 343, 344]}",,2026-04-06T09:09:15.039295+00:00,2026-04-06T09:09:15.706101+00:00,2026-04-06T09:09:15.741525+00:00
5edf3898c24e4a3c,2c8e82d46332,8bd47121ed1147a3,neko,manager,科技,material.review,0,completed,"{""message_body"": ""请审核【科技】板块候选素材，核对时效、来源可靠性、图片数量和热点性。"", ""trace_context"": {""traceparent"": ""00-5d02c933a339cb3110a6d79faef58ad5-620461408bde0bc8-01""}}","{""forced"": false, ""reason"": ""审核通过。"", ""status"": ""approved"", ""approved"": true, ""selected_material_ids"": [374, 375, 376, 377, 378, 379, 380, 381, 382, 383]}",,2026-04-06T09:09:18.246937+00:00,2026-04-06T09:09:19.767636+00:00,2026-04-06T09:09:19.805477+00:00
413333b87e6c446a,2c8e82d46332,189003ad89db4d8a,neko,manager,其他,material.review,0,completed,"{""message_body"": ""请审核【其他】板块候选素材，核对时效、来源可靠性、图片数量和热点性。"", ""trace_context"": {""traceparent"": ""00-5d02c933a339cb3110a6d79faef58ad5-742d94ac9d1ca039-01""}}","{""forced"": false, ""reason"": ""素材不足：候选 7 条，带图 4 条，未满足至少 10 条且至少 3 条带图。"", ""status"": ""rejected"", ""approved"": false, ""selected_material_ids"": [367, 368, 369, 370, 371, 372, 373]}",,2026-04-06T09:09:18.307355+00:00,2026-04-06T09:09:19.814709+00:00,2026-04-06T09:09:19.852680+00:00
3bda1ce234ce4010,2c8e82d46332,,33,collector,政治经济,material.collect,1,completed,"{""message_body"": ""请重做【政治经济】板块采集，重点修复：测试覆盖：受控触发一次打回重做，请补充更强热点和更稳定图片来源。。"", ""target_count"": 12, ""rework_reason"": ""测试覆盖：受控触发一次打回重做，请补充更强热点和更稳定图片来源。"", ""trace_context"": {""traceparent"": ""00-5d02c933a339cb3110a6d79faef58ad5-c3ce21c4178b39b6-01""}}","{""status"": ""collected"", ""message_body"": ""已完成【政治经济】板块采集，收集到 16 条候选素材。"", ""source_count"": 16}",,2026-04-06T09:09:18.353120+00:00,2026-04-06T09:09:19.502613+00:00,2026-04-06T09:09:22.855487+00:00
e328950f60a34cab,2c8e82d46332,3bda1ce234ce4010,33,collector,政治经济,material.submit,1,completed,"{""trace_context"": {""traceparent"": ""00-5d02c933a339cb3110a6d79faef58ad5-241f07b102f2cba9-01""}}","{""status"": ""submitted"", ""message_body"": ""提交【政治经济】板块候选素材，共 32 条。\n- A Hidden Russian Hand in Hungary’s Election? Actually, It’s Quite Open. | NYT > World News\n- A Hidden Russian Hand in Hungary’s Election? Actually, It’s Quite Open. | NYT > World News\n- Why Trees Are Key to Russia’s Spring Offensive in Ukraine | NYT > World News\n- Why Trees Are Key to Russia’s Spring Offensive in Ukraine | NYT > World News\n- Epstein in Paris: How a Sex Offender Hustled for Access to France’s Elite | NYT > World News"", ""source_count"": 32}",,2026-04-06T09:09:18.363581+00:00,2026-04-06T09:09:22.864946+00:00,2026-04-06T09:09:22.891713+00:00
b59d853e35004066,2c8e82d46332,,xhs,collector,其他,material.collect,1,completed,"{""message_body"": ""请重做【其他】板块采集，重点修复：素材不足：候选 7 条，带图 4 条，未满足至少 10 条且至少 3 条带图。。"", ""target_count"": 12, ""rework_reason"": ""素材不足：候选 7 条，带图 4 条，未满足至少 10 条且至少 3 条带图。"", ""trace_context"": {""traceparent"": ""00-5d02c933a339cb3110a6d79faef58ad5-dc977dedb12ae92e-01""}}","{""status"": ""collected"", ""message_body"": ""已完成【其他】板块采集，收集到 7 条候选素材。"", ""source_count"": 7}",,2026-04-06T09:09:21.643080+00:00,2026-04-06T09:09:22.107586+00:00,2026-04-06T09:09:22.945923+00:00
3ad58e89b1624f56,2c8e82d46332,b59d853e35004066,xhs,collector,其他,material.submit,1,completed,"{""trace_context"": {""traceparent"": ""00-5d02c933a339cb3110a6d79faef58ad5-206e4b7bfe724c90-01""}}","{""status"": ""submitted"", ""message_body"": ""提交【其他】板块候选素材，共 14 条。\n- NASA Families Don’t Go to the Moon, but They’re on the Mission, Too | NYT > Science\n- NASA Families Don’t Go to the Moon, but They’re on the Mission, Too | NYT > Science\n- NASA Artemis II Astronauts Race Into Moon’s Embrace After Quiet Easter | NYT > Science\n- NASA Artemis II Astronauts Race Into Moon’s Embrace After Quiet Easter | NYT > Science\n- Artemis II Moon Flyby: Crew, Timeline and What to Know | NYT > Science"", ""source_count"": 14}",,2026-04-06T09:09:21.653120+00:00,2026-04-06T09:09:22.955090+00:00,2026-04-06T09:09:22.982124+00:00
fd7b2e437c204d35,2c8e82d46332,3bda1ce234ce4010,neko,manager,政治经济,material.review,1,completed,"{""message_body"": ""请审核【政治经济】板块候选素材，核对时效、来源可靠性、图片数量和热点性。"", ""trace_context"": {""traceparent"": ""00-5d02c933a339cb3110a6d79faef58ad5-0d5c1c088364b2bc-01""}}","{""forced"": false, ""reason"": ""审核通过。"", ""status"": ""approved"", ""approved"": true, ""selected_material_ids"": [351, 388, 389, 352, 353, 390, 391, 354, 355, 392]}",,2026-04-06T09:09:24.799967+00:00,2026-04-06T09:09:25.893081+00:00,2026-04-06T09:09:25.929985+00:00
42b08750f1a64b9f,2c8e82d46332,b59d853e35004066,neko,manager,其他,material.review,1,completed,"{""message_body"": ""请审核【其他】板块候选素材，核对时效、来源可靠性、图片数量和热点性。"", ""trace_context"": {""traceparent"": ""00-5d02c933a339cb3110a6d79faef58ad5-8a01d8b7554b1f78-01""}}","{""forced"": false, ""reason"": ""审核通过。"", ""status"": ""approved"", ""approved"": true, ""selected_material_ids"": [367, 404, 368, 405, 369, 406, 370, 407, 371, 408]}",,2026-04-06T09:09:24.875517+00:00,2026-04-06T09:09:25.938829+00:00,2026-04-06T09:09:25.974687+00:00
e4e92f5dde954415,2c8e82d46332,,neko,manager,全局,draft.compose,0,completed,"{""message_body"": ""请把四个板块的已通过素材整合为初稿。"", ""trace_context"": {""traceparent"": ""00-5d02c933a339cb3110a6d79faef58ad5-51c652ac46d5b81f-01""}}","{""status"": ""drafted"", ""draft_len"": 10960}",,2026-04-06T09:09:28.210727+00:00,2026-04-06T09:09:30.001170+00:00,2026-04-06T09:09:48.816373+00:00
3238e0e99be741ce,2c8e82d46332,,neko,manager,全局,discussion.start,0,completed,"{""trace_context"": {""traceparent"": ""00-5d02c933a339cb3110a6d79faef58ad5-56f0bf62acab4be0-01""}, ""discussion_seconds"": 45}","{""status"": ""started"", ""message_body"": ""讨论阶段开始，当前测试轮讨论时长设为 45 秒。"", ""discussion_seconds"": 45}",,2026-04-06T09:09:50.771082+00:00,2026-04-06T09:09:50.835680+00:00,2026-04-06T09:09:50.846207+00:00
65668e16cd914422,2c8e82d46332,,33,collector,全局,discussion.comment,0,completed,"{""message_body"": ""请对初稿提出明确修改意见，避免空泛表述。"", ""trace_context"": {""traceparent"": ""00-5d02c933a339cb3110a6d79faef58ad5-f6de29a6f0d61f04-01""}}","{""status"": ""commented"", ""comment_text"": ""政治经济和科技板块可再强化“为什么值得关注”的一句话，避免只罗列进展；副推之间尽量减少同源事件重复。""}",,2026-04-06T09:09:50.780034+00:00,2026-04-06T09:09:51.033000+00:00,2026-04-06T09:09:51.052569+00:00
49381b1762284413,2c8e82d46332,,xhs,collector,全局,discussion.comment,0,completed,"{""message_body"": ""请对初稿提出明确修改意见，避免空泛表述。"", ""trace_context"": {""traceparent"": ""00-5d02c933a339cb3110a6d79faef58ad5-9c6a9185e0ab9fe6-01""}}","{""status"": ""commented"", ""comment_text"": ""体育娱乐和其他板块的短讯可以更紧凑，优先保留结果、时间和影响范围；图片条目要确保链接可直接访问。""}",,2026-04-06T09:09:50.788947+00:00,2026-04-06T09:09:51.117491+00:00,2026-04-06T09:09:51.135412+00:00
8198f5fdbb7e40ca,2c8e82d46332,,neko,manager,全局,discussion.comment,0,completed,"{""message_body"": ""请对初稿提出明确修改意见，避免空泛表述。"", ""trace_context"": {""traceparent"": ""00-5d02c933a339cb3110a6d79faef58ad5-d8e55d892493651e-01""}}","{""status"": ""commented"", ""comment_text"": ""建议统一四个板块的主推语气，主推首句直接点明事件影响；检查主推图片是否足够稳定。""}",,2026-04-06T09:09:50.797848+00:00,2026-04-06T09:09:50.855135+00:00,2026-04-06T09:09:50.872938+00:00
6475fb15790a4c1a,2c8e82d46332,,neko,manager,全局,discussion.summarize,0,completed,"{""message_body"": ""请汇总讨论意见并形成统一修订方案。"", ""trace_context"": {""traceparent"": ""00-5d02c933a339cb3110a6d79faef58ad5-1fc124253c2815c7-01""}}","{""status"": ""summarized"", ""message_body"": ""- neko: 建议统一四个板块的主推语气，主推首句直接点明事件影响；检查主推图片是否足够稳定。\n- 33: 政治经济和科技板块可再强化“为什么值得关注”的一句话，避免只罗列进展；副推之间尽量减少同源事件重复。\n- xhs: 体育娱乐和其他板块的短讯可以更紧凑，优先保留结果、时间和影响范围；图片条目要确保链接可直接访问。"", ""revision_plan"": ""- neko: 建议统一四个板块的主推语气，主推首句直接点明事件影响；检查主推图片是否足够稳定。\n- 33: 政治经济和科技板块可再强化“为什么值得关注”的一句话，避免只罗列进展；副推之间尽量减少同源事件重复。\n- xhs: 体育娱乐和其他板块的短讯可以更紧凑，优先保留结果、时间和影响范围；图片条目要确保链接可直接访问。""}",,2026-04-06T09:10:39.086973+00:00,2026-04-06T09:10:39.096931+00:00,2026-04-06T09:10:39.125750+00:00
350ae78160a64661,2c8e82d46332,,neko,manager,全局,draft.revise,0,completed,"{""trace_context"": {""traceparent"": ""00-5d02c933a339cb3110a6d79faef58ad5-98007e98d26be2e4-01""}}","{""status"": ""revised""}",,2026-04-06T09:10:42.343272+00:00,2026-04-06T09:10:43.153878+00:00,2026-04-06T09:10:43.164043+00:00
b3a6a4c01554497f,2c8e82d46332,,neko,manager,全局,report.publish,0,completed,"{""message_body"": ""请输出最终成稿，并落盘为 Markdown / HTML / JSON。"", ""trace_context"": {""traceparent"": ""00-5d02c933a339cb3110a6d79faef58ad5-0f86eaf47048c261-01""}}","{""status"": ""published"", ""html_path"": ""/opt/newsflow-mvp/output/2c8e82d46332/final_report.html"", ""json_path"": ""/opt/newsflow-mvp/output/2c8e82d46332/final_report.json"", ""message_body"": ""终稿已发布，可直接查看 HTML 成品页、Markdown 和 JSON 结构化文件。HTML: /newsflow-output/2c8e82d46332/final_report.html"", ""markdown_path"": ""/opt/newsflow-mvp/output/2c8e82d46332/final_report.md""}",,2026-04-06T09:10:42.353186+00:00,2026-04-06T09:10:43.172872+00:00,2026-04-06T09:10:43.230655+00:00
