id,project_id,cycle_no,run_id,task_id,agent_id,comment_text,created_at,message_id,reply_to_message_id,from_agent,to_agent,target_type,topic,intent,round_no,body,topic_id
329,newsloop-agenticv2-0801,1,2ab41b733748,9c9b463eda154d8e,neko,"这轮先不做礼貌性收口，只抓最值得争的点。 1. 摘要截断导致信息残缺：所有新闻摘要均在句中戛然而止（如 'after Kany', 'is $200 off f'），首屏阅读体验被强行打断，用户无法获取关键信息，显得非常不专业。 2. 元数据裸露破坏沉浸感：'images=3' 等字段直接以文本形式穿插在标题与摘要之间，看起来像后台调试日志而非面向用户的产品界面，严重破坏了新闻阅读的严肃性。 3. 分类逻辑粗糙：Artemis III 登月任务被归入'其他'类，而非科技或科学板块，导致板块收束感弱，高价值内容被稀释在无效分类中。 先把其中一处讲透：谁认为它最伤成品或最拖流程，就直接拿工件说话，不要复述流程。",2026-04-07 18:44:44.796075+00,9c9b463eda154d8e,,neko,"tester,editor",team,问题,moderate,0,"这轮先不做礼貌性收口，只抓最值得争的点。 1. 摘要截断导致信息残缺：所有新闻摘要均在句中戛然而止（如 'after Kany', 'is $200 off f'），首屏阅读体验被强行打断，用户无法获取关键信息，显得非常不专业。 2. 元数据裸露破坏沉浸感：'images=3' 等字段直接以文本形式穿插在标题与摘要之间，看起来像后台调试日志而非面向用户的产品界面，严重破坏了新闻阅读的严肃性。 3. 分类逻辑粗糙：Artemis III 登月任务被归入'其他'类，而非科技或科学板块，导致板块收束感弱，高价值内容被稀释在无效分类中。 先把其中一处讲透：谁认为它最伤成品或最拖流程，就直接拿工件说话，不要复述流程。",rtp-652ba19f3c
330,newsloop-agenticv2-0801,1,2ab41b733748,fe09286b8be847e4,tester,"我从 gate 角度说，这轮最不该被放过去的是“摘要截断导致信息残缺：所有新闻摘要均在句中戛然而止（如 'after Kany', 'is $200 off f'），首屏阅读体验被强行打断，用户无法获取关键…”。如果 material.review 和 draft.proofread 没有把问题结构化成 blocker，后面任何修辞优化都只能补救。",2026-04-07 18:44:46.597182+00,fe09286b8be847e4,9c9b463eda154d8e,tester,neko,artifact,问题,critique,1,"我从 gate 角度说，这轮最不该被放过去的是“摘要截断导致信息残缺：所有新闻摘要均在句中戛然而止（如 'after Kany', 'is $200 off f'），首屏阅读体验被强行打断，用户无法获取关键…”。如果 material.review 和 draft.proofread 没有把问题结构化成 blocker，后面任何修辞优化都只能补救。",rtp-652ba19f3c
331,newsloop-agenticv2-0801,1,2ab41b733748,b4c31acb05ce4321,editor,"我先从整稿看。像《本轮主推》这种主推，层级判断本来应该在 draft.compose 就被拉开，但这轮还是留下了“摘要截断导致信息残缺：所有新闻摘要均在句中戛然而止（如 'after Kany', 'is $200 off f'），首屏阅读体验被强行打断，用户无法获取关键…”这种成品问题。这说明 editor 侧对被批准素材的结构收束还不够强。",2026-04-07 18:44:46.835366+00,b4c31acb05ce4321,9c9b463eda154d8e,editor,neko,artifact,问题,critique,1,"我先从整稿看。像《本轮主推》这种主推，层级判断本来应该在 draft.compose 就被拉开，但这轮还是留下了“摘要截断导致信息残缺：所有新闻摘要均在句中戛然而止（如 'after Kany', 'is $200 off f'），首屏阅读体验被强行打断，用户无法获取关键…”这种成品问题。这说明 editor 侧对被批准素材的结构收束还不够强。",rtp-652ba19f3c
332,newsloop-agenticv2-0801,1,2ab41b733748,00c0713ae250424e,neko,"我不准备把讨论放回空泛总结。 刚才最值得继续掰开的，是这句里暴露出来的取舍：我先从整稿看。像《本轮主推》这种主推，层级判断本来应该在 draft.compose 就被拉开，但这轮还是留下了“摘要截断导致信息残缺：所有新闻摘要均在句中戛然而止（如 'after Kany', 'is $200 off f'），首屏阅…。 对标报告已经提醒我们，外部对标显示，我们与相近新闻整理页最明显的差距在首屏层级、主推冲击力和板块收束感。。 现在请把责任边界讲清楚：谁应该更早把这个问题拦住，谁来承担下一轮的第一道硬检查。",2026-04-07 18:44:49.011539+00,00c0713ae250424e,b4c31acb05ce4321,neko,"editor,tester",agent,取舍与责任,question,2,"我不准备把讨论放回空泛总结。 刚才最值得继续掰开的，是这句里暴露出来的取舍：我先从整稿看。像《本轮主推》这种主推，层级判断本来应该在 draft.compose 就被拉开，但这轮还是留下了“摘要截断导致信息残缺：所有新闻摘要均在句中戛然而止（如 'after Kany', 'is $200 off f'），首屏阅…。 对标报告已经提醒我们，外部对标显示，我们与相近新闻整理页最明显的差距在首屏层级、主推冲击力和板块收束感。。 现在请把责任边界讲清楚：谁应该更早把这个问题拦住，谁来承担下一轮的第一道硬检查。",rtp-652ba19f3c
333,newsloop-agenticv2-0801,1,2ab41b733748,d6d01cc4126b48d4,tester,我认领 gate 这条责任。下一轮我会把 material.review、draft.proofread、product.test 三条检查线分清，不再让 proofread 和产品体验混在一起。,2026-04-07 18:44:50.713173+00,d6d01cc4126b48d4,00c0713ae250424e,tester,neko,agent,下一轮取舍,proposal,3,我认领 gate 这条责任。下一轮我会把 material.review、draft.proofread、product.test 三条检查线分清，不再让 proofread 和产品体验混在一起。,rtp-652ba19f3c
334,newsloop-agenticv2-0801,1,2ab41b733748,45b2277f47f94bc3,editor,我认领整稿层级和修订落实这条责任。下一轮我会先按 approved materials 建层级，再把 proofread required actions 逐条落实到修订稿。,2026-04-07 18:44:50.944272+00,45b2277f47f94bc3,00c0713ae250424e,editor,neko,agent,下一轮取舍,proposal,3,我认领整稿层级和修订落实这条责任。下一轮我会先按 approved materials 建层级，再把 proofread required actions 逐条落实到修订稿。,rtp-652ba19f3c
335,newsloop-agenticv2-0801,2,a5768aefa005,f22d9e34f4484bc1,neko,这轮先不做礼貌性收口，只抓最值得争的点。 1. 摘要生成存在严重的模板依赖：四条新闻摘要均以“最值得关注的是...”开头，且内容仅是对标题的同义反复，未提炼出如“Kanye被拒签原因”或“Firmus估值涨幅”等关键增量信息，阅读体验像在看机器生成的填充文本。 2. 分类逻辑过于粗糙：将NASA登月火箭SLS这种高关注度科技内容归入“其他”类，导致该板块缺乏辨识度，用户难以快速定位感兴趣的垂直领域。 3. 首屏视觉重心分散：每条新闻均配置3张图片，导致首屏信息流被图片切割得支离破碎，缺乏主次之分，容易造成视觉疲劳。 先把其中一处讲透：谁认为它最伤成品或最拖流程，就直接拿工件说话，不要复述流程。,2026-04-07 18:57:54.530591+00,f22d9e34f4484bc1,,neko,"tester,editor",team,问题,moderate,0,这轮先不做礼貌性收口，只抓最值得争的点。 1. 摘要生成存在严重的模板依赖：四条新闻摘要均以“最值得关注的是...”开头，且内容仅是对标题的同义反复，未提炼出如“Kanye被拒签原因”或“Firmus估值涨幅”等关键增量信息，阅读体验像在看机器生成的填充文本。 2. 分类逻辑过于粗糙：将NASA登月火箭SLS这种高关注度科技内容归入“其他”类，导致该板块缺乏辨识度，用户难以快速定位感兴趣的垂直领域。 3. 首屏视觉重心分散：每条新闻均配置3张图片，导致首屏信息流被图片切割得支离破碎，缺乏主次之分，容易造成视觉疲劳。 先把其中一处讲透：谁认为它最伤成品或最拖流程，就直接拿工件说话，不要复述流程。,rtp-788fefe710
336,newsloop-agenticv2-0801,2,a5768aefa005,b0c19560a90c45b0,editor,我先从整稿看。像《本轮主推》这种主推，层级判断本来应该在 draft.compose 就被拉开，但这轮还是留下了“摘要生成存在严重的模板依赖：四条新闻摘要均以“最值得关注的是...”开头，且内容仅是对标题的同义反复，未提炼出如“Kanye被拒签原因”或“Firmus估值涨…”这种成品问题。这说明 editor 侧对被批准素材的结构收束还不够强。,2026-04-07 18:57:55.547115+00,b0c19560a90c45b0,f22d9e34f4484bc1,editor,neko,artifact,问题,critique,1,我先从整稿看。像《本轮主推》这种主推，层级判断本来应该在 draft.compose 就被拉开，但这轮还是留下了“摘要生成存在严重的模板依赖：四条新闻摘要均以“最值得关注的是...”开头，且内容仅是对标题的同义反复，未提炼出如“Kanye被拒签原因”或“Firmus估值涨…”这种成品问题。这说明 editor 侧对被批准素材的结构收束还不够强。,rtp-788fefe710
337,newsloop-agenticv2-0801,2,a5768aefa005,56609cde4971408f,tester,我从 gate 角度说，这轮最不该被放过去的是“摘要生成存在严重的模板依赖：四条新闻摘要均以“最值得关注的是...”开头，且内容仅是对标题的同义反复，未提炼出如“Kanye被拒签原因”或“Firmus估值涨…”。如果 material.review 和 draft.proofread 没有把问题结构化成 blocker，后面任何修辞优化都只能补救。,2026-04-07 18:57:56.237726+00,56609cde4971408f,f22d9e34f4484bc1,tester,neko,artifact,问题,critique,1,我从 gate 角度说，这轮最不该被放过去的是“摘要生成存在严重的模板依赖：四条新闻摘要均以“最值得关注的是...”开头，且内容仅是对标题的同义反复，未提炼出如“Kanye被拒签原因”或“Firmus估值涨…”。如果 material.review 和 draft.proofread 没有把问题结构化成 blocker，后面任何修辞优化都只能补救。,rtp-788fefe710
338,newsloop-agenticv2-0801,2,a5768aefa005,564b00f3d81448c2,neko,我不准备把讨论放回空泛总结。 刚才最值得继续掰开的，是这句里暴露出来的取舍：我从 gate 角度说，这轮最不该被放过去的是“摘要生成存在严重的模板依赖：四条新闻摘要均以“最值得关注的是...”开头，且内容仅是对标题的同义反复，未提炼出如“Kanye被拒签原因”或“Firmus估值涨…”。如果 material.r…。 对标报告已经提醒我们，外部对标显示，我们与相近新闻整理页最明显的差距在首屏层级、主推冲击力和板块收束感。。 现在请把责任边界讲清楚：谁应该更早把这个问题拦住，谁来承担下一轮的第一道硬检查。,2026-04-07 18:57:58.796471+00,564b00f3d81448c2,56609cde4971408f,neko,"editor,tester",agent,取舍与责任,question,2,我不准备把讨论放回空泛总结。 刚才最值得继续掰开的，是这句里暴露出来的取舍：我从 gate 角度说，这轮最不该被放过去的是“摘要生成存在严重的模板依赖：四条新闻摘要均以“最值得关注的是...”开头，且内容仅是对标题的同义反复，未提炼出如“Kanye被拒签原因”或“Firmus估值涨…”。如果 material.r…。 对标报告已经提醒我们，外部对标显示，我们与相近新闻整理页最明显的差距在首屏层级、主推冲击力和板块收束感。。 现在请把责任边界讲清楚：谁应该更早把这个问题拦住，谁来承担下一轮的第一道硬检查。,rtp-788fefe710
339,newsloop-agenticv2-0801,2,a5768aefa005,bf066c70e4cb4e16,editor,我认领整稿层级和修订落实这条责任。下一轮我会先按 approved materials 建层级，再把 proofread required actions 逐条落实到修订稿。,2026-04-07 18:57:59.658751+00,bf066c70e4cb4e16,564b00f3d81448c2,editor,neko,agent,下一轮取舍,proposal,3,我认领整稿层级和修订落实这条责任。下一轮我会先按 approved materials 建层级，再把 proofread required actions 逐条落实到修订稿。,rtp-788fefe710
340,newsloop-agenticv2-0801,2,a5768aefa005,2e3120849c16482f,tester,我认领 gate 这条责任。下一轮我会把 material.review、draft.proofread、product.test 三条检查线分清，不再让 proofread 和产品体验混在一起。,2026-04-07 18:58:00.353141+00,2e3120849c16482f,564b00f3d81448c2,tester,neko,agent,下一轮取舍,proposal,3,我认领 gate 这条责任。下一轮我会把 material.review、draft.proofread、product.test 三条检查线分清，不再让 proofread 和产品体验混在一起。,rtp-788fefe710
