time,run_id,from_agent,to_agent,phase,section,message_type,status,full_message_body
2026-04-06T08:49:25.920793+00:00,cb7fff031c0f,neko,33,task.dispatch,政治经济,dispatch,,请采集【政治经济】板块近24小时国际新闻热点候选素材。目标 12 条，优先主流媒体或官方来源，保留标题、来源、发布时间、原文链接和图片。
2026-04-06T08:49:25.934210+00:00,cb7fff031c0f,neko,33,task.dispatch,政治经济,dispatch,,请执行阶段 material.submit。
2026-04-06T08:49:25.944688+00:00,cb7fff031c0f,neko,33,task.dispatch,科技,dispatch,,请采集【科技】板块近24小时国际新闻热点候选素材。目标 12 条，优先主流媒体或官方来源，保留标题、来源、发布时间、原文链接和图片。
2026-04-06T08:49:25.955344+00:00,cb7fff031c0f,neko,33,task.dispatch,科技,dispatch,,请执行阶段 material.submit。
2026-04-06T08:49:25.964447+00:00,cb7fff031c0f,neko,xhs,task.dispatch,体育娱乐,dispatch,,请采集【体育娱乐】板块近24小时国际新闻热点候选素材。目标 12 条，优先主流媒体或官方来源，保留标题、来源、发布时间、原文链接和图片。
2026-04-06T08:49:25.974003+00:00,cb7fff031c0f,neko,xhs,task.dispatch,体育娱乐,dispatch,,请执行阶段 material.submit。
2026-04-06T08:49:25.983616+00:00,cb7fff031c0f,neko,xhs,task.dispatch,其他,dispatch,,请采集【其他】板块近24小时国际新闻热点候选素材。目标 12 条，优先主流媒体或官方来源，保留标题、来源、发布时间、原文链接和图片。
2026-04-06T08:49:25.992651+00:00,cb7fff031c0f,neko,xhs,task.dispatch,其他,dispatch,,请执行阶段 material.submit。
2026-04-06T08:49:29.836133+00:00,cb7fff031c0f,xhs,neko,material.submit,体育娱乐,message,,"已提交 16 条候选素材。
- Ranveer Singh’s ‘Dhurandhar: The Revenge’ Crosses $174 Million Globally, Becomes First Indian Film to Top $25 Million in North America | Variety
- Korea Box Office: ‘Project Hail Mary’ Ascends to No. 1 Dethroning ‘The King’s Warden’ | Variety
- China Box Office: ‘The Super Mario Galaxy Movie’ Launches to Top Spot | Variety
- ‘Star Wars: Maul — Shadow Lord’ Is an Uneven but Promising Extension of the ‘Clone Wars’ Saga: TV Review | Variety
- ‘Faces of Death’ Review: A ’70s-Style B-Horror Movie Taps into the Growing Appetite for Horror That’s ‘Real’ | Variety"
2026-04-06T08:49:30.040845+00:00,cb7fff031c0f,orchestrator,neko,task.dispatch,体育娱乐,dispatch,,请审核【体育娱乐】板块候选素材，核对时效、来源可靠性、图片数量和热点性，并给出通过或打回意见。
2026-04-06T08:49:30.099258+00:00,cb7fff031c0f,neko,xhs,material.review,体育娱乐,reject,rejected,测试覆盖：受控触发一次打回重做，请补充更强热点和更稳定图片来源。
2026-04-06T08:49:31.701900+00:00,cb7fff031c0f,xhs,neko,material.submit,其他,message,,"已提交 6 条候选素材。
- Artemis II Moon Flyby: Crew, Timeline and What to Know | NYT > Science
- NASA Artemis II Astronauts Race Into Moon’s Embrace After Quiet Easter | NYT > Science
- The 40 minutes when the Artemis crew loses contact with the Earth | BBC News
- Artemis II astronauts have toilet trouble on their way towards the Moon | BBC News
- Artemis's stunning Moon pictures - science or holiday photos? | BBC News"
2026-04-06T08:49:33.287847+00:00,cb7fff031c0f,orchestrator,neko,task.dispatch,其他,dispatch,,请审核【其他】板块候选素材，核对时效、来源可靠性、图片数量和热点性，并给出通过或打回意见。
2026-04-06T08:49:33.347546+00:00,cb7fff031c0f,neko,xhs,task.dispatch,体育娱乐,dispatch,,请重做【体育娱乐】板块素材采集。要求至少 10 条候选、至少 3 条带图，并重点修复上轮问题：测试覆盖：受控触发一次打回重做，请补充更强热点和更稳定图片来源。。
2026-04-06T08:49:33.356371+00:00,cb7fff031c0f,neko,xhs,task.dispatch,体育娱乐,dispatch,,请执行阶段 material.submit。
2026-04-06T08:49:34.073246+00:00,cb7fff031c0f,33,neko,material.submit,政治经济,message,,"已提交 16 条候选素材。
- Iran War Live Updates: Israel and Iran Trade Attacks After Trump’s New Hormuz Ultimatum | NYT > World News
- Iran war: What is happening on day 38 of US-Israeli attacks? | Al Jazeera – Breaking News, World News and Video from Al Jazeera
- ‘Cocktail of Hindutva and welfarism’: How Modi’s BJP is wooing Assam voters | Al Jazeera – Breaking News, World News and Video from Al Jazeera
- Here’s the latest. | NYT > World News
- Oil Rises Slightly After Trump’s Latest Threats on Iran | NYT > Business"
2026-04-06T08:49:34.179376+00:00,cb7fff031c0f,neko,xhs,material.review,其他,reject,rejected,素材不足：候选 6 条，带图 4 条，未满足至少 10 条且至少 3 条带图。
2026-04-06T08:49:36.424095+00:00,cb7fff031c0f,xhs,neko,material.submit,体育娱乐,message,,"已提交 32 条候选素材。
- Ranveer Singh’s ‘Dhurandhar: The Revenge’ Crosses $174 Million Globally, Becomes First Indian Film to Top $25 Million in North America | Variety
- Korea Box Office: ‘Project Hail Mary’ Ascends to No. 1 Dethroning ‘The King’s Warden’ | Variety
- China Box Office: ‘The Super Mario Galaxy Movie’ Launches to Top Spot | Variety
- ‘Star Wars: Maul — Shadow Lord’ Is an Uneven but Promising Extension of the ‘Clone Wars’ Saga: TV Review | Variety
- ‘Faces of Death’ Review: A ’70s-Style B-Horror Movie Taps into the Growing Appetite for Horror That’s ‘Real’ | Variety"
2026-04-06T08:49:36.508244+00:00,cb7fff031c0f,orchestrator,neko,task.dispatch,政治经济,dispatch,,请审核【政治经济】板块候选素材，核对时效、来源可靠性、图片数量和热点性，并给出通过或打回意见。
2026-04-06T08:49:36.562420+00:00,cb7fff031c0f,orchestrator,neko,task.dispatch,体育娱乐,dispatch,,请审核【体育娱乐】板块候选素材，核对时效、来源可靠性、图片数量和热点性，并给出通过或打回意见。
2026-04-06T08:49:36.663019+00:00,cb7fff031c0f,neko,xhs,task.dispatch,其他,dispatch,,请重做【其他】板块素材采集。要求至少 10 条候选、至少 3 条带图，并重点修复上轮问题：素材不足：候选 6 条，带图 4 条，未满足至少 10 条且至少 3 条带图。。
2026-04-06T08:49:36.672656+00:00,cb7fff031c0f,neko,xhs,task.dispatch,其他,dispatch,,请执行阶段 material.submit。
2026-04-06T08:49:37.032350+00:00,cb7fff031c0f,33,neko,material.submit,科技,message,,"已提交 14 条候选素材。
- The Xiaomi 17 Ultra has some impressive add-ons that make snapping photos really fun | TechCrunch
- Polymarket took down wagers tied to rescue of downed Air Force officer | TechCrunch
- Copilot is ‘for entertainment purposes only,’ according to Microsoft’s terms of use | TechCrunch
- Los Thuthanaka’s Wak’a is a mellower follow-up to last year’s surprise Pitchfork favorite | The Verge
- As people look for ways to make new friends, here are the apps promising to help | TechCrunch"
2026-04-06T08:49:38.254497+00:00,cb7fff031c0f,neko,33,material.review,政治经济,review,approved,审核通过。
2026-04-06T08:49:38.301019+00:00,cb7fff031c0f,neko,xhs,material.review,体育娱乐,review,approved,"审核通过。
当前重试轮次: 1"
2026-04-06T08:49:39.139197+00:00,cb7fff031c0f,xhs,neko,material.submit,其他,message,,"已提交 12 条候选素材。
- Artemis II Moon Flyby: Crew, Timeline and What to Know | NYT > Science
- NASA Artemis II Astronauts Race Into Moon’s Embrace After Quiet Easter | NYT > Science
- The 40 minutes when the Artemis crew loses contact with the Earth | BBC News
- Artemis II astronauts have toilet trouble on their way towards the Moon | BBC News
- Artemis's stunning Moon pictures - science or holiday photos? | BBC News"
2026-04-06T08:49:39.846200+00:00,cb7fff031c0f,orchestrator,neko,task.dispatch,科技,dispatch,,请审核【科技】板块候选素材，核对时效、来源可靠性、图片数量和热点性，并给出通过或打回意见。
2026-04-06T08:49:39.904249+00:00,cb7fff031c0f,orchestrator,neko,task.dispatch,其他,dispatch,,请审核【其他】板块候选素材，核对时效、来源可靠性、图片数量和热点性，并给出通过或打回意见。
2026-04-06T08:49:40.354357+00:00,cb7fff031c0f,neko,33,material.review,科技,review,approved,审核通过。
2026-04-06T08:49:40.401037+00:00,cb7fff031c0f,neko,xhs,material.review,其他,review,approved,"审核通过。
当前重试轮次: 1"
2026-04-06T08:49:43.224735+00:00,cb7fff031c0f,orchestrator,neko,task.dispatch,全局,dispatch,,请把四个板块的已通过素材整合为初稿，按主推 / 副推 / 简讯结构排版。
2026-04-06T08:50:02.648201+00:00,cb7fff031c0f,orchestrator,neko,task.dispatch,全局,dispatch,,进入讨论阶段。请在 45 秒内完成讨论意见提交。
2026-04-06T08:50:02.658527+00:00,cb7fff031c0f,neko,33,task.dispatch,全局,dispatch,,请针对初稿提出明确可执行的修改意见。
2026-04-06T08:50:02.668544+00:00,cb7fff031c0f,neko,xhs,task.dispatch,全局,dispatch,,请针对初稿提出明确可执行的修改意见。
2026-04-06T08:50:02.677976+00:00,cb7fff031c0f,orchestrator,neko,task.dispatch,全局,dispatch,,请针对初稿提出明确可执行的修改意见。
2026-04-06T08:50:03.134185+00:00,cb7fff031c0f,neko,all,discussion.comment,全局,discussion,,建议统一四个板块的主推语气，主推首句直接点明事件影响；检查主推图片是否足够稳定。
2026-04-06T08:50:03.182915+00:00,cb7fff031c0f,33,all,discussion.comment,全局,discussion,,政治经济和科技板块可再强化“为什么值得关注”的一句话，避免只罗列进展；副推之间尽量减少同源事件重复。
2026-04-06T08:50:03.276484+00:00,cb7fff031c0f,xhs,all,discussion.comment,全局,discussion,,体育娱乐和其他板块的短讯可以更紧凑，优先保留结果、时间和影响范围；图片条目要确保链接可直接访问。
2026-04-06T08:50:50.949314+00:00,cb7fff031c0f,orchestrator,neko,task.dispatch,全局,dispatch,,请汇总讨论意见，形成统一修订方案。
2026-04-06T08:50:51.396158+00:00,cb7fff031c0f,neko,all,discussion.summarize,全局,message,,"- neko: 建议统一四个板块的主推语气，主推首句直接点明事件影响；检查主推图片是否足够稳定。
- 33: 政治经济和科技板块可再强化“为什么值得关注”的一句话，避免只罗列进展；副推之间尽量减少同源事件重复。
- xhs: 体育娱乐和其他板块的短讯可以更紧凑，优先保留结果、时间和影响范围；图片条目要确保链接可直接访问。"
2026-04-06T08:50:54.205373+00:00,cb7fff031c0f,orchestrator,neko,task.dispatch,全局,dispatch,,请根据修订方案修改初稿。
2026-04-06T08:50:54.215351+00:00,cb7fff031c0f,orchestrator,neko,task.dispatch,全局,dispatch,,请输出最终成稿并发布产物文件。
2026-04-06T08:50:55.478480+00:00,cb7fff031c0f,neko,all,report.publish,全局,message,,终稿已发布。
